1,0,0,0;-1,-1,-1,-1;-1,-1,-1,-1;-1,1,1,0
1,0,0,0;-1,-1,-1,-1;-1,-1,-1,-1;0,0,-1,1
1,0,0,0;-1,-1,-1,-1;-1,1,0,1;-1,1,1,0
1,0,0,0;-1,-1,-1,0;-1,0,-1,0;-1,1,-1,0
1,0,0,0;-1,-1,-1,0;-1,0,-1,1;-1,0,0,0
1,0,0,0;-1,-1,-1,0;-1,1,-1,1;1,0,0,-1
1,0,0,0;-1,-1,-1,0;-1,1,1,0;0,1,-1,1
1,0,0,0;-1,-1,-1,0;0,-1,-1,-1;1,0,-1,1
1,0,0,0;-1,-1,-1,0;0,-1,0,1;-1,1,-1,-1
1,0,0,0;-1,-1,-1,0;1,1,-1,1;-1,0,1,1
1,0,0,0;-1,-1,-1,1;-1,1,1,-1;1,-1,1,0
1,0,0,0;-1,-1,-1,1;0,1,1,-1;1,1,0,1
1,0,0,0;-1,-1,-1,2;-2,0,2,2;-1,-1,0,1
1,0,0,0;-1,-1,-2,-2;-1,2,0,1;1,2,2,1
1,0,0,0;-1,-1,0,-1;-1,-1,-1,1;0,-1,-1,0
1,0,0,0;-1,-1,0,-1;-1,0,1,1;0,-1,0,-1
1,0,0,0;-1,-1,0,-1;0,1,-1,-1;-1,-1,1,1
1,0,0,0;-1,-1,0,-1;1,-1,0,-1;0,1,0,0
1,0,0,0;-1,-1,0,0;-1,1,1,1;0,0,-1,1
1,0,0,0;-1,-1,0,0;-2,-2,2,0;1,2,2,-2
1,0,0,0;-1,-1,0,0;0,-1,1,1;0,0,1,0
1,0,0,0;-1,-1,0,0;1,0,-1,0;1,0,1,0
1,0,0,0;-1,-1,0,0;1,1,-1,-1;1,1,0,1
1,0,0,0;-1,-1,0,0;1,1,1,1;1,1,0,0
1,0,0,0;-1,-1,0,1;-1,0,0,1;1,-1,0,0
1,0,0,0;-1,-1,0,1;-1,0,1,0;0,-1,0,-1
1,0,0,0;-1,-1,0,1;-1,1,1,-1;-1,-1,1,0
1,0,0,0;-1,-1,0,1;1,0,1,1;-1,-1,1,0
1,0,0,0;-1,-1,1,-1;-1,-1,-1,-1;1,-1,0,0
1,0,0,0;-1,-1,1,-1;-1,1,0,1;0,0,1,0
1,0,0,0;-1,-1,1,-1;0,1,1,1;0,1,-1,1
1,0,0,0;-1,-1,1,-1;1,-1,-1,0;0,0,-1,-1
1,0,0,0;-1,-1,1,-1;1,0,1,-1;1,-1,-1,1
1,0,0,0;-1,-1,1,-1;1,1,-1,-1;1,0,-1,1
1,0,0,0;-1,-1,1,0;-1,1,1,-1;1,0,1,-1
1,0,0,0;-1,-1,1,0;0,-1,0,0;-1,0,0,-1
1,0,0,0;-1,-1,1,0;0,1,-1,0;-1,-1,0,1
1,0,0,0;-1,-1,1,0;1,0,0,1;0,-1,1,-1
1,0,0,0;-1,-1,1,1;-1,0,1,-1;-1,0,1,-1
1,0,0,0;-1,-1,1,1;0,0,-1,1;1,0,-1,1
1,0,0,0;-1,-1,1,1;1,-1,1,1;0,-1,-1,-1
1,0,0,0;-1,-1,1,2;1,0,0,2;1,0,2,1
1,0,0,0;-1,-1,2,-1;-2,0,-2,-2;-2,-2,-2,-1
1,0,0,0;-1,-1,2,-1;1,-1,-2,2;-1,-2,2,-2
1,0,0,0;-1,-1,2,-1;2,-2,2,0;-2,-2,2,-1
1,0,0,0;-1,-1,2,-2;0,-1,-2,0;-1,1,-2,-2
1,0,0,0;-1,-1,2,-2;0,0,-2,-1;2,0,2,1
1,0,0,0;-1,-1,2,-2;1,2,-1,1;1,0,-1,2
1,0,0,0;-1,-1,2,-3;-4,-1,-1,-5;5,-1,1,-3
1,0,0,0;-1,-1,2,1;-3,1,-1,1;-3,-2,0,1
1,0,0,0;-1,-1,2,2;0,-1,2,0;1,2,2,2
1,0,0,0;-1,-1,2,5;1,4,0,0;-4,3,2,-3
1,0,0,0;-1,-1,3,-1;4,1,-3,-5;-5,-3,1,5
1,0,0,0;-1,-1,3,2;-1,3,0,-1;1,1,-2,-3
1,0,0,0;-1,-1,3,3;-1,2,-2,3;1,-3,-3,-2
1,0,0,0;-1,-1,4,-1;3,-3,4,5;-1,-1,3,-4
1,0,0,0;-1,-1,5,-2;-4,3,-5,-3;-1,-2,-2,-3
1,0,0,0;-1,-2,-1,-2;-1,0,1,-1;0,1,0,-1
1,0,0,0;-1,-2,-1,1;-2,-2,-2,2;1,2,0,-2
1,0,0,0;-1,-2,-1,1;3,-3,1,3;0,2,-1,3
1,0,0,0;-1,-2,-2,0;0,-2,-1,0;-1,1,0,1
1,0,0,0;-1,-2,-2,2;-1,1,0,1;1,-1,-1,0
1,0,0,0;-1,-2,-3,-1;-1,1,0,1;-1,-3,-2,0
1,0,0,0;-1,-2,-3,-2;2,3,-1,-3;0,-1,2,-1
1,0,0,0;-1,-2,-5,-5;3,0,3,2;0,-2,2,0
1,0,0,0;-1,-2,0,-2;-3,-1,1,0;-3,2,3,-1
1,0,0,0;-1,-2,0,-2;1,2,-2,2;1,0,1,0
1,0,0,0;-1,-2,0,-3;-3,-1,1,-3;-2,-3,0,0
1,0,0,0;-1,-2,0,-4;-2,4,-1,-3;5,-5,3,4
1,0,0,0;-1,-2,0,2;-1,0,-2,2;2,-2,-2,-1
1,0,0,0;-1,-2,1,-1;0,-1,-2,1;0,2,2,1
1,0,0,0;-1,-2,1,-3;0,0,3,-2;3,0,1,1
1,0,0,0;-1,-2,1,2;2,1,0,0;-2,2,-1,-2
1,0,0,0;-1,-2,2,-1;0,0,0,2;2,-1,-2,1
1,0,0,0;-1,-2,2,-2;2,-2,2,0;2,-1,-2,-1
1,0,0,0;-1,-2,2,-2;2,-2,3,2;1,0,2,1
1,0,0,0;-1,-2,3,2;1,-3,2,2;2,-2,3,0
1,0,0,0;-1,-28,58,36;24,-15,45,-59;37,47,-41,-5
1,0,0,0;-1,-3,-1,-2;-1,-4,4,-4;1,1,2,-1
1,0,0,0;-1,-3,-1,1;1,1,-3,0;-2,-1,3,2
1,0,0,0;-1,-3,-2,-3;-3,2,-2,-1;1,1,-3,2
1,0,0,0;-1,-3,-2,0;-1,1,-2,1;1,0,0,-2
1,0,0,0;-1,-3,-2,1;-3,0,2,-2;0,3,2,0
1,0,0,0;-1,-3,-2,2;-3,1,3,2;-1,-1,-3,2
1,0,0,0;-1,-3,-3,-3;-1,2,3,-2;3,0,-1,-3
1,0,0,0;-1,-3,-3,3;-4,-1,-5,2;1,5,-2,3
1,0,0,0;-1,-3,-5,-3;3,-2,0,5;4,1,-1,-5
1,0,0,0;-1,-3,-5,3;-3,1,-4,-5;3,2,0,-4
1,0,0,0;-1,-3,0,-1;-2,-3,-5,4;-5,1,4,-3
1,0,0,0;-1,-3,0,3;-3,-2,-1,-1;2,-1,-2,-2
1,0,0,0;-1,-3,1,-2;3,5,1,4;5,5,-1,1
1,0,0,0;-1,-3,3,-3;-2,1,3,-2;0,-3,-1,-3
1,0,0,0;-1,-3,3,2;1,2,2,-1;-2,-3,-2,-1
1,0,0,0;-1,-3,3,3;2,2,3,-3;3,-2,2,3
1,0,0,0;-1,-37,-52,44;17,21,34,54;35,12,60,8
1,0,0,0;-1,-4,-2,-4;2,0,1,-3;-1,0,5,-3
1,0,0,0;-1,-4,1,-1;-1,2,-1,-1;-5,0,3,5
1,0,0,0;-1,-4,5,-4;-4,2,0,-4;-5,0,2,1
1,0,0,0;-1,-47,-43,40;52,36,11,11;-8,-2,-13,59
1,0,0,0;-1,-5,1,-1;-2,5,4,-1;-2,-2,2,-5
1,0,0,0;-1,-5,1,-2;0,2,-1,-4;2,-4,-5,4
1,0,0,0;-1,-5,3,0;-4,-1,5,4;-5,3,3,2
1,0,0,0;-1,0,-1,-1;-1,0,2,1;1,0,0,2
1,0,0,0;-1,0,-1,-1;-1,1,1,-1;-1,0,0,1
1,0,0,0;-1,0,-1,-1;-1,1,1,-1;0,1,-1,0
1,0,0,0;-1,0,-1,-1;0,0,-3,2;-2,-3,-1,-3
1,0,0,0;-1,0,-1,-1;1,1,0,1;1,1,-1,0
1,0,0,0;-1,0,-1,-2;-1,2,1,2;-1,2,0,1
1,0,0,0;-1,0,-1,0;0,1,1,-1;1,1,1,0
1,0,0,0;-1,0,-1,0;0,1,1,0;1,0,0,1
1,0,0,0;-1,0,-1,0;1,-1,1,0;1,1,1,1
1,0,0,0;-1,0,-1,1;-1,1,-1,-1;-1,0,0,1
1,0,0,0;-1,0,-1,1;-1,1,1,1;0,0,1,0
1,0,0,0;-1,0,-1,1;0,0,-1,-1;-1,-1,0,1
1,0,0,0;-1,0,-1,1;0,0,-1,1;0,0,0,1
1,0,0,0;-1,0,-2,1;-1,-2,-1,0;0,-2,-2,1
1,0,0,0;-1,0,-3,0;-2,-2,2,-3;2,1,-3,2
1,0,0,0;-1,0,0,-1;-1,1,-1,-1;-1,-1,-1,-1
1,0,0,0;-1,0,0,-1;-1,1,-1,-1;-1,-1,1,-1
1,0,0,0;-1,0,0,-1;0,-1,0,0;0,0,1,0
1,0,0,0;-1,0,0,-1;0,-1,1,-1;0,0,1,0
1,0,0,0;-1,0,0,0;-1,-1,0,0;-1,1,0,-1
1,0,0,0;-1,0,0,0;-2,0,0,-1;3,-2,-1,3
1,0,0,0;-1,0,0,0;0,1,0,-1;0,0,1,-1
1,0,0,0;-1,0,0,0;1,0,-1,0;0,1,0,1
1,0,0,0;-1,0,0,1;-1,1,0,1;-1,0,0,1
1,0,0,0;-1,0,0,1;0,0,1,1;0,-1,0,-1
1,0,0,0;-1,0,0,1;1,-2,-1,0;1,-1,-2,-2
1,0,0,0;-1,0,0,1;1,-2,-1,3;-1,-1,-3,0
1,0,0,0;-1,0,0,1;1,1,0,-1;0,1,1,1
1,0,0,0;-1,0,0,1;1,1,0,0;0,1,1,0
1,0,0,0;-1,0,0,2;-1,-2,1,1;1,2,-1,1
1,0,0,0;-1,0,1,-1;1,0,-1,-1;-1,1,1,-1
1,0,0,0;-1,0,1,-1;1,0,0,1;1,0,0,0
1,0,0,0;-1,0,1,0;-1,-1,-1,-1;0,-1,-1,0
1,0,0,0;-1,0,1,0;-1,1,0,0;0,1,-1,1
1,0,0,0;-1,0,1,0;0,-1,-1,-1;0,1,-1,0
1,0,0,0;-1,0,1,0;1,-1,1,-1;0,1,-1,0
1,0,0,0;-1,0,1,0;1,0,1,1;1,-1,1,1
1,0,0,0;-1,0,1,1;-1,1,0,2;2,0,-1,-2
1,0,0,0;-1,0,1,1;-4,-4,-1,-4;-3,-5,-4,3
1,0,0,0;-1,0,1,1;0,-1,0,0;1,1,-1,0
1,0,0,0;-1,0,1,1;0,1,-1,0;0,1,0,0
1,0,0,0;-1,0,2,0;0,2,-1,1;2,1,-1,1
1,0,0,0;-1,0,2,2;-1,-2,-1,-2;2,2,-1,0
1,0,0,0;-1,0,2,2;0,-1,0,0;-1,-2,2,1
1,0,0,0;-1,1,-1,-1;0,1,-1,-1;1,0,0,1
1,0,0,0;-1,1,-1,-1;1,-1,0,0;1,0,1,0
1,0,0,0;-1,1,-1,-1;1,-1,1,1;0,1,1,0
1,0,0,0;-1,1,-1,0;-1,0,0,0;1,0,-1,-1
1,0,0,0;-1,1,-1,0;0,-1,0,-1;-1,1,1,0
1,0,0,0;-1,1,-1,0;0,1,-1,1;-1,1,0,0
1,0,0,0;-1,1,-1,0;1,-1,-1,-1;1,-1,1,1
1,0,0,0;-1,1,-1,0;1,0,1,0;-1,0,0,-1
1,0,0,0;-1,1,-1,1;-1,0,-1,-1;-1,0,1,-1
1,0,0,0;-1,1,-1,1;-1,1,-1,0;1,-1,-1,1
1,0,0,0;-1,1,-1,1;0,0,1,0;0,-1,1,0
1,0,0,0;-1,1,-1,1;0,1,0,1;0,1,0,1
1,0,0,0;-1,1,-1,1;1,1,-1,-1;-1,0,1,2
1,0,0,0;-1,1,-1,1;3,0,1,-3;2,0,2,2
1,0,0,0;-1,1,-1,2;-2,-3,-1,-1;-3,3,0,1
1,0,0,0;-1,1,-3,0;-1,0,0,-1;2,0,3,-3
1,0,0,0;-1,1,-4,1;1,2,3,5;2,4,-3,5
1,0,0,0;-1,1,0,-1;-1,1,-1,-1;-1,0,-1,-1
1,0,0,0;-1,1,0,-1;-1,1,1,-1;1,-1,-1,1
1,0,0,0;-1,1,0,-1;-1,1,1,1;0,-1,0,-1
1,0,0,0;-1,1,0,-1;0,0,-1,1;-1,-1,-1,1
1,0,0,0;-1,1,0,-1;1,-1,1,1;0,-1,1,-1
1,0,0,0;-1,1,0,-1;1,0,0,1;0,0,-1,-1
1,0,0,0;-1,1,0,-2;-1,-2,-2,0;1,-1,-2,-2
1,0,0,0;-1,1,0,0;-1,-1,1,1;-1,0,1,-1
1,0,0,0;-1,1,0,0;-2,0,-1,-1;-1,2,-2,0
1,0,0,0;-1,1,0,0;0,0,1,1;1,1,1,1
1,0,0,0;-1,1,0,0;0,1,-1,1;-1,-1,0,0
1,0,0,0;-1,1,0,0;2,0,0,2;0,1,2,-2
1,0,0,0;-1,1,0,2;1,2,2,-1;2,-2,-1,-1
1,0,0,0;-1,1,1,-1;-1,0,-1,0;0,1,-1,-1
1,0,0,0;-1,1,1,-1;0,-1,0,-1;0,-1,-1,0
1,0,0,0;-1,1,1,-1;0,1,0,1;1,-1,1,-1
1,0,0,0;-1,1,1,-1;0,1,0,1;1,0,1,0
1,0,0,0;-1,1,1,-1;0,1,1,-1;-1,1,0,0
1,0,0,0;-1,1,1,-1;0,1,1,0;1,0,1,-1
1,0,0,0;-1,1,1,-2;-3,-2,-1,2;-2,1,-2,-3
1,0,0,0;-1,1,1,0;-1,0,-1,-1;0,-1,0,1
1,0,0,0;-1,1,1,0;-1,1,1,-1;1,-1,0,0
1,0,0,0;-1,1,1,0;0,1,0,-1;0,0,0,1
1,0,0,0;-1,1,1,1;-1,0,-1,1;1,-1,1,-1
1,0,0,0;-1,1,1,1;1,-1,-1,-1;-1,-1,0,-1
1,0,0,0;-1,1,2,-2;-2,0,0,1;0,1,1,0
1,0,0,0;-1,1,2,-2;0,2,-2,2;1,-2,0,-2
1,0,0,0;-1,1,2,-2;3,0,-2,1;3,0,-1,-3
1,0,0,0;-1,1,2,1;2,0,3,1;3,-2,0,0
1,0,0,0;-1,1,3,-2;0,1,1,0;-1,2,0,0
1,0,0,0;-1,18,10,10;6,-15,-2,5;6,6,-2,-15
1,0,0,0;-1,18,11,10;3,-14,-2,5;5,4,-2,-15
1,0,0,0;-1,18,11,6;6,-15,-5,3;5,4,-5,-16
1,0,0,0;-1,18,11,8;4,-15,-2,2;5,3,-6,-16
1,0,0,0;-1,18,11,8;4,-16,-2,3;4,5,-3,-17
1,0,0,0;-1,18,11,9;3,-15,-4,5;4,6,-6,-15
1,0,0,0;-1,18,12,6;3,-15,-5,4;4,3,-6,-16
1,0,0,0;-1,18,12,7;3,-17,-3,6;5,2,-6,-17
1,0,0,0;-1,18,12,9;2,-18,-6,4;6,2,-2,-16
1,0,0,0;-1,18,12,9;4,-15,-4,5;3,6,-3,-14
1,0,0,0;-1,18,13,10;6,-14,-3,3;2,4,-6,-15
1,0,0,0;-1,18,13,10;6,-17,-3,3;4,6,-4,-14
1,0,0,0;-1,18,14,9;4,-18,-4,6;4,6,-6,-16
1,0,0,0;-1,18,14,9;6,-14,-6,2;2,3,-3,-14
1,0,0,0;-1,19,10,10;2,-18,-6,6;6,4,-5,-17
1,0,0,0;-1,19,10,6;2,-15,-4,3;5,4,-4,-15
1,0,0,0;-1,19,10,7;5,-15,-2,5;6,2,-6,-17
1,0,0,0;-1,19,11,7;2,-14,-3,5;2,4,-2,-15
1,0,0,0;-1,19,11,7;4,-15,-2,2;4,3,-6,-17
1,0,0,0;-1,19,11,9;4,-17,-5,4;2,5,-3,-14
1,0,0,0;-1,19,12,7;2,-16,-3,6;6,6,-3,-17
1,0,0,0;-1,19,12,9;4,-14,-2,3;2,4,-6,-15
1,0,0,0;-1,19,13,10;6,-18,-5,3;5,2,-6,-15
1,0,0,0;-1,19,13,8;4,-17,-5,6;6,4,-2,-18
1,0,0,0;-1,19,13,8;5,-18,-5,6;4,4,-6,-17
1,0,0,0;-1,19,14,6;6,-17,-5,3;3,4,-2,-18
1,0,0,0;-1,19,14,8;3,-14,-5,4;5,3,-3,-16
1,0,0,0;-1,19,14,8;5,-17,-2,3;5,2,-5,-14
1,0,0,0;-1,2,-1,-1;2,-2,2,0;4,2,-2,0
1,0,0,0;-1,2,-1,-2;-2,-2,-1,0;0,2,1,-2
1,0,0,0;-1,2,-1,-2;1,0,-1,-1;0,0,2,2
1,0,0,0;-1,2,-1,0;-2,1,-2,-1;-2,-2,1,0
1,0,0,0;-1,2,-2,-1;1,-2,-1,2;0,2,1,-1
1,0,0,0;-1,2,-2,-1;2,-1,2,0;2,-2,-2,1
1,0,0,0;-1,2,-2,-2;-4,4,-1,0;5,-5,1,2
1,0,0,0;-1,2,-2,-2;0,2,-1,0;-1,1,-1,1
1,0,0,0;-1,2,-2,-2;2,0,-1,-1;1,0,-1,-2
1,0,0,0;-1,2,-2,0;-1,-1,2,1;1,-2,1,1
1,0,0,0;-1,2,-2,1;-2,2,-2,-2;-1,-1,2,-2
1,0,0,0;-1,2,-2,1;1,0,1,2;-1,2,-2,2
1,0,0,0;-1,2,-3,0;2,2,1,-3;-1,0,0,-1
1,0,0,0;-1,2,0,-1;-2,0,0,2;1,2,-1,2
1,0,0,0;-1,2,0,-2;-2,-2,-1,0;-2,0,2,0
1,0,0,0;-1,2,1,-1;1,2,2,-2;2,2,2,-1
1,0,0,0;-1,2,1,-1;2,-1,-2,0;-2,-2,2,-1
1,0,0,0;-1,2,1,-2;2,1,0,-2;1,1,-1,-1
1,0,0,0;-1,2,1,0;-1,0,0,2;0,1,1,-1
1,0,0,0;-1,2,1,2;0,0,0,-1;0,-2,-1,0
1,0,0,0;-1,2,2,2;-3,1,-1,-1;-3,-3,3,-1
1,0,0,0;-1,2,2,2;1,0,-2,0;-2,-1,1,-2
1,0,0,0;-1,2,2,2;1,0,-2,0;0,1,-2,-1
1,0,0,0;-1,2,2,3;-1,2,-1,2;-3,0,1,-3
1,0,0,0;-1,2,3,3;-3,3,0,0;-1,-1,-2,-3
1,0,0,0;-1,20,10,10;2,-15,-2,4;6,6,-6,-16
1,0,0,0;-1,20,10,10;5,-18,-4,4;3,5,-3,-14
1,0,0,0;-1,20,10,7;6,-14,-4,4;3,2,-3,-18
1,0,0,0;-1,20,10,9;3,-16,-2,2;6,5,-4,-17
1,0,0,0;-1,20,11,10;6,-16,-6,5;4,3,-4,-14
1,0,0,0;-1,20,11,6;4,-18,-3,5;6,3,-2,-15
1,0,0,0;-1,20,11,7;6,-14,-3,6;5,2,-4,-17
1,0,0,0;-1,20,11,9;3,-17,-2,3;4,2,-3,-17
1,0,0,0;-1,20,12,10;4,-14,-6,3;5,5,-5,-16
1,0,0,0;-1,20,12,7;3,-17,-2,6;2,3,-5,-16
1,0,0,0;-1,20,13,10;2,-15,-3,3;6,4,-3,-14
1,0,0,0;-1,20,14,7;3,-16,-3,4;6,6,-2,-14
1,0,0,0;-1,20,14,8;5,-15,-5,6;6,4,-6,-14
1,0,0,0;-1,20,14,8;5,-16,-4,3;4,2,-6,-17
1,0,0,0;-1,21,10,10;2,-14,-4,4;5,6,-4,-14
1,0,0,0;-1,21,10,8;3,-16,-5,2;3,5,-2,-16
1,0,0,0;-1,21,10,9;2,-14,-3,4;3,5,-4,-14
1,0,0,0;-1,21,10,9;6,-14,-3,6;2,3,-5,-18
1,0,0,0;-1,21,11,10;4,-16,-3,5;4,2,-2,-18
1,0,0,0;-1,21,13,10;3,-15,-3,4;6,3,-2,-17
1,0,0,0;-1,21,14,10;3,-17,-6,6;2,6,-4,-15
1,0,0,0;-1,21,14,6;4,-14,-3,6;4,3,-2,-16
1,0,0,0;-1,21,14,8;6,-17,-3,6;6,3,-4,-14
1,0,0,0;-1,21,14,9;2,-16,-6,6;5,3,-3,-18
1,0,0,0;-1,22,10,6;2,-17,-2,2;5,3,-3,-15
1,0,0,0;-1,22,10,9;2,-17,-6,3;3,6,-4,-17
1,0,0,0;-1,22,11,6;4,-14,-6,4;5,2,-4,-16
1,0,0,0;-1,22,11,8;4,-17,-3,2;2,4,-4,-15
1,0,0,0;-1,22,12,9;3,-15,-5,4;6,3,-6,-17
1,0,0,0;-1,22,13,10;4,-16,-2,3;2,3,-4,-18
1,0,0,0;-1,22,14,10;3,-16,-5,6;2,2,-6,-16
1,0,0,0;-1,22,14,7;3,-14,-6,4;6,2,-6,-16
1,0,0,0;-1,3,-1,1;-3,0,-2,-2;-3,-1,0,-1
1,0,0,0;-1,3,-1,3;0,1,-2,-1;3,-3,2,-3
1,0,0,0;-1,3,-1,3;1,-3,-2,-3;2,0,3,-2
1,0,0,0;-1,3,-2,-2;1,3,2,2;1,-2,-2,1
1,0,0,0;-1,3,-3,0;2,1,3,4;5,4,1,1
1,0,0,0;-1,3,-3,1;-1,0,0,-3;2,-3,-1,1
1,0,0,0;-1,3,1,0;3,-3,0,-1;2,1,1,-5
1,0,0,0;-1,3,1,1;2,-2,-1,2;2,2,-3,-6
1,0,0,0;-1,3,2,0;-1,-6,1,3;2,3,0,-4
1,0,0,0;-1,3,2,0;3,-4,1,-1;0,3,-1,-4
1,0,0,0;-1,3,2,3;3,-5,0,0;1,2,0,-5
1,0,0,0;-1,3,3,2;1,-1,0,-1;-1,-1,-1,-1
1,0,0,0;-1,3,3,4;1,-4,-2,1;2,-1,-1,-3
1,0,0,0;-1,3,4,0;3,-5,-3,0;-1,2,-1,-5
1,0,0,0;-1,3,4,2;1,-6,-1,0;3,1,1,-3
1,0,0,0;-1,3,4,4;1,-2,-2,2;-1,3,-1,-5
1,0,0,0;-1,3,5,0;3,-5,-1,1;0,-1,0,-5
1,0,0,0;-1,3,5,1;2,5,4,-2;-3,3,4,0
1,0,0,0;-1,318,190,129;64,-258,-63,66;63,66,-62,-258
1,0,0,0;-1,318,191,130;65,-256,-65,64;64,62,-63,-258
1,0,0,0;-1,318,192,127;63,-255,-63,65;63,62,-62,-254
1,0,0,0;-1,318,192,127;64,-258,-63,62;62,65,-63,-256
1,0,0,0;-1,318,192,128;62,-258,-63,62;66,66,-65,-254
1,0,0,0;-1,318,192,128;65,-256,-62,62;63,62,-65,-258
1,0,0,0;-1,318,193,126;66,-256,-66,66;62,65,-63,-256
1,0,0,0;-1,318,194,127;66,-256,-66,65;65,64,-65,-254
1,0,0,0;-1,318,194,130;64,-255,-62,62;65,66,-64,-258
1,0,0,0;-1,319,190,127;64,-255,-66,66;65,62,-65,-257
1,0,0,0;-1,319,190,128;62,-257,-64,62;66,63,-64,-256
1,0,0,0;-1,319,190,128;64,-254,-65,62;65,63,-66,-256
1,0,0,0;-1,319,190,130;63,-255,-65,64;66,66,-65,-257
1,0,0,0;-1,319,190,130;64,-254,-65,66;63,64,-65,-257
1,0,0,0;-1,319,191,128;64,-256,-64,64;66,63,-66,-257
1,0,0,0;-1,319,191,129;64,-256,-66,65;66,63,-63,-255
1,0,0,0;-1,319,191,129;65,-254,-62,64;65,66,-64,-255
1,0,0,0;-1,319,191,130;64,-254,-64,62;66,62,-66,-256
1,0,0,0;-1,319,192,126;62,-258,-65,65;62,62,-63,-254
1,0,0,0;-1,319,192,128;66,-254,-64,66;62,64,-65,-257
1,0,0,0;-1,319,193,128;62,-254,-62,63;63,64,-62,-256
1,0,0,0;-1,319,193,129;62,-255,-63,63;65,63,-63,-257
1,0,0,0;-1,319,194,126;62,-258,-64,63;63,65,-66,-256
1,0,0,0;-1,319,194,126;66,-257,-63,64;65,66,-62,-254
1,0,0,0;-1,319,194,129;66,-255,-62,64;66,62,-63,-255
1,0,0,0;-1,319,194,130;65,-256,-66,64;62,65,-65,-258
1,0,0,0;-1,320,190,128;64,-254,-65,65;64,62,-62,-255
1,0,0,0;-1,320,191,128;65,-256,-64,65;63,66,-65,-255
1,0,0,0;-1,320,192,126;65,-255,-62,64;63,62,-63,-258
1,0,0,0;-1,320,192,130;62,-257,-64,63;62,63,-66,-255
1,0,0,0;-1,320,192,130;63,-254,-66,64;66,62,-63,-257
1,0,0,0;-1,320,192,130;65,-258,-65,66;66,62,-63,-257
1,0,0,0;-1,320,193,128;62,-258,-62,65;64,63,-63,-258
1,0,0,0;-1,320,193,128;63,-254,-63,64;66,63,-64,-257
1,0,0,0;-1,320,193,128;66,-254,-64,63;66,62,-63,-254
1,0,0,0;-1,320,194,128;65,-257,-63,65;65,64,-64,-254
1,0,0,0;-1,321,190,127;62,-257,-63,63;62,66,-66,-254
1,0,0,0;-1,321,190,127;63,-254,-63,66;63,65,-66,-256
1,0,0,0;-1,321,190,127;64,-254,-62,65;63,66,-63,-256
1,0,0,0;-1,321,190,130;63,-254,-65,62;65,63,-63,-258
1,0,0,0;-1,321,191,126;64,-255,-64,65;62,65,-65,-256
1,0,0,0;-1,321,192,128;65,-257,-63,64;62,66,-65,-258
1,0,0,0;-1,321,192,129;64,-258,-64,63;65,64,-63,-257
1,0,0,0;-1,321,194,126;66,-257,-65,66;62,62,-65,-255
1,0,0,0;-1,321,194,127;66,-255,-63,63;65,66,-66,-257
1,0,0,0;-1,321,194,128;63,-255,-65,66;65,62,-62,-255
1,0,0,0;-1,321,194,128;63,-256,-62,65;64,65,-63,-258
1,0,0,0;-1,322,190,128;66,-256,-65,66;63,64,-66,-254
1,0,0,0;-1,322,190,129;62,-258,-65,66;66,63,-65,-258
1,0,0,0;-1,322,191,126;65,-257,-64,64;63,65,-64,-256
1,0,0,0;-1,322,191,127;62,-257,-65,64;64,65,-66,-258
1,0,0,0;-1,322,192,127;64,-257,-62,63;66,65,-65,-257
1,0,0,0;-1,322,192,129;62,-256,-62,65;66,64,-64,-254
1,0,0,0;-1,322,192,130;64,-255,-64,62;66,63,-66,-254
1,0,0,0;-1,322,192,130;66,-255,-66,65;65,65,-66,-254
1,0,0,0;-1,322,193,129;65,-257,-66,64;62,64,-63,-257
1,0,0,0;-1,322,193,130;66,-255,-63,62;63,62,-62,-254
1,0,0,0;-1,322,194,129;63,-256,-62,65;66,66,-65,-256
1,0,0,0;-1,322,194,130;66,-254,-65,64;65,65,-64,-256
1,0,0,0;-1,322,194,130;66,-256,-65,62;66,63,-64,-255
1,0,0,0;-1,4,-1,-3;-5,5,4,1;3,-5,-5,2
1,0,0,0;-1,4,-1,-3;4,-4,0,0;-3,-1,-1,-1
1,0,0,0;-1,4,-1,5;5,-1,-5,3;-5,3,2,5
1,0,0,0;-1,4,-3,-2;0,4,2,-3;-3,-5,-2,-3
1,0,0,0;-1,4,1,0;0,-6,-3,-1;0,1,-1,-2
1,0,0,0;-1,4,1,2;1,-6,1,-1;-1,1,1,-3
1,0,0,0;-1,4,1,2;3,-3,0,2;3,1,-1,-5
1,0,0,0;-1,4,1,4;-1,-6,-1,3;-1,1,-3,-5
1,0,0,0;-1,4,1,4;0,-5,-2,1;1,-1,0,-5
1,0,0,0;-1,4,2,0;1,-4,-3,-1;2,1,-1,-3
1,0,0,0;-1,4,2,0;3,-4,-2,1;1,0,-1,-3
1,0,0,0;-1,4,2,1;-1,-4,-3,0;1,-1,1,-2
1,0,0,0;-1,4,2,3;-1,-4,1,1;0,3,0,-3
1,0,0,0;-1,4,3,-2;5,-2,-2,-1;0,0,-4,-4
1,0,0,0;-1,4,3,1;0,-6,-3,2;2,3,-3,-5
1,0,0,0;-1,4,3,1;1,-2,0,2;3,3,-2,-4
1,0,0,0;-1,4,3,3;-1,-2,-1,-1;1,-1,1,-4
1,0,0,0;-1,4,4,0;3,-3,0,0;1,2,-1,-5
1,0,0,0;-1,4,4,1;0,-2,-2,1;3,1,0,-5
1,0,0,0;-1,4,5,0;-1,-2,0,1;0,0,-2,-2
1,0,0,0;-1,4,5,2;0,-3,-2,-1;1,0,-2,-2
1,0,0,0;-1,4,5,3;-1,-5,-1,-1;3,2,-3,-2
1,0,0,0;-1,5,-1,3;-2,3,-2,-4;4,2,2,-2
1,0,0,0;-1,5,0,-5;4,1,4,-3;-1,0,0,-4
1,0,0,0;-1,5,1,1;-1,-6,-3,0;2,1,-2,-2
1,0,0,0;-1,5,1,2;-1,-4,-3,2;1,0,0,-2
1,0,0,0;-1,5,1,3;1,-2,1,0;2,2,-2,-3
1,0,0,0;-1,5,1,3;1,-4,-1,1;2,2,-2,-6
1,0,0,0;-1,5,1,4;1,-5,-2,3;0,0,0,-6
1,0,0,0;-1,5,2,0;1,-2,-1,0;3,0,1,-3
1,0,0,0;-1,5,2,1;3,-6,0,2;1,-1,1,-3
1,0,0,0;-1,5,2,4;1,-2,-2,1;1,3,0,-5
1,0,0,0;-1,5,4,0;1,-5,1,3;0,1,-3,-2
1,0,0,0;-1,5,4,1;1,-4,-2,2;1,1,-1,-5
1,0,0,0;-1,5,4,4;3,-5,0,0;3,3,1,-6
1,0,0,0;-1,5,4,5;0,-5,-5,-2;-3,-1,4,5
1,0,0,0;-1,5,5,0;-1,4,3,1;-5,-4,0,0
1,0,0,0;-1,5,5,1;1,-4,-3,3;2,-1,1,-4
1,0,0,0;-1,6,1,2;-1,-5,-3,1;-1,2,0,-2
1,0,0,0;-1,6,1,3;0,-5,1,0;3,2,-2,-3
1,0,0,0;-1,6,1,3;1,-5,-1,0;2,-1,0,-3
1,0,0,0;-1,6,1,4;1,-2,-1,3;1,3,-3,-3
1,0,0,0;-1,6,1,4;3,-2,-2,0;-1,2,0,-4
1,0,0,0;-1,6,2,2;0,-2,-3,1;1,0,-1,-2
1,0,0,0;-1,6,2,2;1,-2,1,3;1,0,-2,-5
1,0,0,0;-1,6,2,3;2,-4,1,3;-1,3,-2,-6
1,0,0,0;-1,6,2,4;3,-4,0,1;0,3,-3,-2
1,0,0,0;-1,6,3,1;2,-3,-3,-1;1,-1,-1,-2
1,0,0,0;-1,6,3,2;1,-2,-2,0;1,-1,-2,-5
1,0,0,0;-1,6,3,2;1,-3,-1,0;0,-1,0,-4
1,0,0,0;-1,6,4,0;0,-2,-2,3;-1,1,1,-5
1,0,0,0;-1,6,4,2;0,-4,-2,2;2,2,-3,-2
1,0,0,0;-1,7,1,1;0,-4,-1,-1;1,3,-3,-5
1,0,0,0;-1,7,1,1;0,-5,-2,1;-1,-1,-1,-5
1,0,0,0;-1,7,1,2;3,-6,-1,-1;0,-1,0,-5
1,0,0,0;-1,7,1,3;0,-5,0,2;3,3,-2,-4
1,0,0,0;-1,7,2,2;0,-3,-3,-1;2,2,-1,-2
1,0,0,0;-1,7,3,1;-1,-6,1,2;-1,3,-1,-4
1,0,0,0;-1,7,3,3;2,-3,-3,3;0,2,1,-3
1,0,0,0;-1,7,3,4;-1,-3,-3,3;3,2,-3,-3
1,0,0,0;-1,7,4,1;1,-3,-3,0;2,-1,-2,-4
1,0,0,0;-1,7,5,1;-1,-2,0,3;-1,0,-3,-6
1,0,0,0;-1,7,5,1;-1,-4,-1,1;3,0,-1,-4
1,0,0,0;-1,7,5,2;-1,-5,-2,0;2,3,-3,-4
1,0,0,0;-1,78,46,30;14,-64,-16,17;18,17,-14,-64
1,0,0,0;-1,78,46,31;17,-62,-15,15;18,14,-17,-62
1,0,0,0;-1,78,46,32;16,-65,-18,16;17,14,-17,-64
1,0,0,0;-1,78,47,31;18,-64,-16,17;16,14,-17,-65
1,0,0,0;-1,78,47,32;14,-62,-15,17;16,16,-17,-64
1,0,0,0;-1,78,48,31;15,-66,-16,15;17,15,-14,-62
1,0,0,0;-1,78,49,30;15,-64,-18,17;18,18,-14,-65
1,0,0,0;-1,78,49,31;14,-66,-17,18;17,18,-15,-64
1,0,0,0;-1,79,46,33;16,-65,-16,18;18,14,-14,-65
1,0,0,0;-1,79,47,30;16,-66,-15,16;15,15,-16,-65
1,0,0,0;-1,79,47,32;17,-66,-15,14;15,18,-15,-65
1,0,0,0;-1,79,47,33;17,-66,-18,17;17,15,-17,-64
1,0,0,0;-1,79,47,33;18,-62,-15,15;17,17,-14,-65
1,0,0,0;-1,79,48,31;16,-62,-16,14;15,15,-15,-65
1,0,0,0;-1,79,48,31;18,-65,-17,17;14,17,-17,-62
1,0,0,0;-1,79,49,33;15,-66,-16,16;14,14,-16,-64
1,0,0,0;-1,79,49,34;16,-66,-15,16;16,16,-15,-65
1,0,0,0;-1,80,46,34;15,-62,-14,14;15,14,-15,-62
1,0,0,0;-1,80,47,30;14,-62,-18,15;15,15,-14,-64
1,0,0,0;-1,80,47,30;14,-63,-14,16;18,18,-14,-66
1,0,0,0;-1,80,48,31;17,-62,-16,17;17,14,-18,-66
1,0,0,0;-1,80,48,31;17,-66,-14,17;14,14,-15,-66
1,0,0,0;-1,80,49,30;18,-64,-17,17;18,18,-17,-66
1,0,0,0;-1,80,49,32;14,-63,-16,17;16,15,-16,-62
1,0,0,0;-1,80,49,34;16,-66,-16,18;16,17,-18,-63
1,0,0,0;-1,80,50,30;18,-64,-17,16;15,18,-17,-66
1,0,0,0;-1,80,50,31;14,-62,-15,17;17,15,-18,-64
1,0,0,0;-1,80,50,31;15,-65,-16,16;18,16,-16,-62
1,0,0,0;-1,81,46,33;15,-66,-15,17;14,16,-16,-66
1,0,0,0;-1,81,46,33;17,-66,-16,18;15,15,-14,-64
1,0,0,0;-1,81,46,34;16,-62,-15,17;18,15,-15,-62
1,0,0,0;-1,81,47,34;18,-62,-18,17;16,15,-15,-66
1,0,0,0;-1,81,48,30;16,-64,-15,14;14,17,-18,-65
1,0,0,0;-1,81,50,30;17,-66,-14,14;18,17,-14,-65
1,0,0,0;-1,81,50,32;14,-64,-16,16;18,17,-14,-66
1,0,0,0;-1,82,46,31;16,-66,-17,18;16,17,-17,-62
1,0,0,0;-1,82,47,31;15,-63,-17,18;14,17,-17,-66
1,0,0,0;-1,82,47,32;16,-63,-18,15;15,17,-18,-64
1,0,0,0;-1,82,48,30;14,-63,-14,17;14,17,-18,-65
1,0,0,0;-1,82,48,34;16,-64,-16,18;18,15,-16,-64
1,0,0,0;-1,82,49,30;14,-66,-16,18;15,15,-15,-64
1,0,0,0;-1,82,49,31;18,-64,-18,15;14,15,-16,-66
1,0,0,0;-1,82,50,30;16,-63,-17,15;14,17,-17,-63
1,0,0,0;-1,82,50,31;17,-63,-18,14;15,17,-18,-64
1,0,0,0;-1,82,50,32;14,-64,-16,18;18,14,-17,-63
1,0,0,0;-1,82,50,34;14,-62,-18,17;17,18,-17,-65
1,0,0,0;-1,82,50,34;15,-65,-18,15;17,15,-18,-63
1,0,0,0;-10,-48,47,51;23,35,14,12;12,20,-3,42
1,0,0,0;-11,-19,-28,-58;35,54,-32,24;-48,-24,-56,50
1,0,0,0;-11,11,-54,32;51,22,42,-8;8,34,49,-22
1,0,0,0;-11,15,17,-29;-4,-55,8,50;-26,40,-16,26
1,0,0,0;-12,-26,-54,-18;-49,-20,-50,-24;-35,27,-33,-46
1,0,0,0;-12,-54,-5,17;-35,-46,-31,49;28,1,-11,-38
1,0,0,0;-12,19,-51,-1;-11,56,-36,20;-3,57,38,11
1,0,0,0;-13,-56,-59,60;36,-4,-27,-42;56,59,-12,-27
1,0,0,0;-13,47,30,-3;-26,59,54,13;-16,28,8,-2
1,0,0,0;-13,59,-1,24;2,30,14,-42;-14,59,42,-17
1,0,0,0;-14,-46,-60,-30;-58,33,59,-10;38,44,-29,-40
1,0,0,0;-14,-59,12,57;0,-57,46,-51;-22,3,-48,-10
1,0,0,0;-15,-30,-19,-46;-58,-36,7,-8;-32,-48,26,32
1,0,0,0;-15,-5,-46,40;-13,-38,25,-16;35,-7,-7,-9
1,0,0,0;-15,-50,24,41;-19,13,40,-6;-58,52,33,13
1,0,0,0;-15,-7,-53,59;-60,51,-52,51;-30,-56,-51,3
1,0,0,0;-16,-30,19,-15;6,-5,60,31;-30,6,-50,-56
1,0,0,0;-17,-48,-28,-40;16,29,-35,-51;-38,39,29,27
1,0,0,0;-18,-14,-20,-30;35,36,-15,43;43,49,-3,-41
1,0,0,0;-18,-47,45,60;-60,32,-26,35;-22,-52,-30,8
1,0,0,0;-18,-58,23,-4;-57,-39,54,43;52,35,-25,42
1,0,0,0;-18,38,-11,38;-2,-45,-49,-32;48,-51,13,44
1,0,0,0;-19,-31,30,-7;57,-11,31,-26;21,54,-47,-48
1,0,0,0;-19,46,26,20;-46,28,-16,-44;-34,57,44,-23
1,0,0,0;-19,51,-60,-34;-16,8,8,53;24,29,-18,42
1,0,0,0;-2,-1,-1,0;0,2,-1,0;1,2,-1,0
1,0,0,0;-2,-1,-1,1;3,3,-3,1;5,-2,2,-3
1,0,0,0;-2,-1,-2,-2;3,1,1,0;1,3,1,-1
1,0,0,0;-2,-1,-2,0;-1,1,1,0;2,1,2,-2
1,0,0,0;-2,-1,-3,-3;0,-3,-2,2;-2,-2,-1,-2
1,0,0,0;-2,-1,0,-2;1,1,2,-2;-2,2,-1,1
1,0,0,0;-2,-1,0,1;-1,-3,0,-1;-2,1,-3,-3
1,0,0,0;-2,-1,0,1;-2,-2,0,2;2,0,-2,-1
1,0,0,0;-2,-1,1,-2;-2,-3,0,-3;1,-1,3,-1
1,0,0,0;-2,-1,1,-3;2,3,2,-1;2,-3,-3,0
1,0,0,0;-2,-1,1,1;-1,-2,-3,3;3,-3,-2,0
1,0,0,0;-2,-1,1,1;2,-1,3,1;2,-3,1,-1
1,0,0,0;-2,-1,1,3;3,3,3,3;2,-3,-3,2
1,0,0,0;-2,-1,2,0;-1,-1,0,-2;0,0,0,-1
1,0,0,0;-2,-1,3,-3;0,1,0,-3;-1,-1,2,-2
1,0,0,0;-2,-1,3,3;-2,-2,0,-2;-1,3,-1,-3
1,0,0,0;-2,-14,52,3;54,-55,45,-47;-27,-54,45,-21
1,0,0,0;-2,-2,-1,1;-2,1,1,-2;-1,-1,-2,1
1,0,0,0;-2,-2,-1,1;0,1,-2,-1;-2,-2,2,-2
1,0,0,0;-2,-2,-1,3;-3,-1,-2,0;0,-3,-1,-2
1,0,0,0;-2,-2,-2,-1;-1,-1,-2,1;1,0,-2,1
1,0,0,0;-2,-2,-2,-2;2,-1,2,-2;2,2,2,1
1,0,0,0;-2,-2,-2,-3;-2,0,1,-2;0,2,1,-3
1,0,0,0;-2,-2,-2,1;1,2,-2,-1;0,0,-2,-2
1,0,0,0;-2,-2,-2,2;2,1,-1,1;1,1,0,-2
1,0,0,0;-2,-2,0,-1;-1,0,0,2;2,0,-2,-1
1,0,0,0;-2,-2,0,-1;-2,-1,1,-1;1,0,-2,-2
1,0,0,0;-2,-2,0,-2;0,2,-1,-1;1,-1,-2,2
1,0,0,0;-2,-2,0,-2;0,2,-1,-3;1,-2,1,3
1,0,0,0;-2,-2,0,0;-2,0,1,2;0,-2,-2,0
1,0,0,0;-2,-2,0,2;2,0,-1,0;-1,-1,0,-2
1,0,0,0;-2,-2,1,-1;0,0,-2,-2;-2,-1,2,0
1,0,0,0;-2,-2,1,-1;3,-5,-1,3;-1,3,-1,2
1,0,0,0;-2,-2,1,-2;2,1,1,0;1,-1,-1,0
1,0,0,0;-2,-2,1,-3;-3,1,3,2;3,-1,2,-2
1,0,0,0;-2,-2,1,0;1,2,0,-1;1,-1,-1,-2
1,0,0,0;-2,-2,1,1;0,-2,-2,0;-2,1,2,0
1,0,0,0;-2,-2,1,1;2,-1,0,1;-2,2,-1,-1
1,0,0,0;-2,-2,2,-1;0,-1,-1,0;-1,2,-1,0
1,0,0,0;-2,-2,2,-2;2,-1,-2,0;-2,1,-2,-1
1,0,0,0;-2,-2,2,2;0,0,1,2;-2,2,-1,-2
1,0,0,0;-2,-2,3,3;0,2,-3,-1;-2,3,0,1
1,0,0,0;-2,-2,4,5;3,-1,0,-2;-3,1,-4,0
1,0,0,0;-2,-3,0,-2;0,-3,3,-3;0,1,-1,0
1,0,0,0;-2,-3,1,5;2,-3,1,-1;-4,5,-3,-5
1,0,0,0;-2,-3,2,1;3,0,1,0;-3,0,1,1
1,0,0,0;-2,-3,4,1;3,-5,4,-1;-4,-2,4,-2
1,0,0,0;-2,-38,-42,-29;42,52,-4,32;6,-46,-13,-50
1,0,0,0;-2,-4,3,0;-3,-4,-5,0;1,0,-1,5
1,0,0,0;-2,-4,5,-4;-3,5,-5,-5;1,1,1,5
1,0,0,0;-2,-4,5,0;-1,-5,3,0;-4,0,5,-3
1,0,0,0;-2,-5,-3,-3;-3,-3,1,-3;-4,5,-1,1
1,0,0,0;-2,0,-1,-1;0,1,1,-2;2,-1,-2,1
1,0,0,0;-2,0,-1,-3;3,-3,0,1;-1,3,0,2
1,0,0,0;-2,0,-1,1;0,1,2,-3;0,-2,-3,0
1,0,0,0;-2,0,-1,2;2,0,2,2;0,1,0,-2
1,0,0,0;-2,0,-2,0;-2,-1,2,-2;1,-1,1,1
1,0,0,0;-2,0,-2,1;-2,1,2,0;-2,2,0,0
1,0,0,0;-2,0,-3,-2;-3,-1,1,1;1,1,-2,0
1,0,0,0;-2,0,-3,-3;-3,3,-1,-1;1,-1,2,0
1,0,0,0;-2,0,0,-2;-1,2,-2,2;1,-2,2,-2
1,0,0,0;-2,0,0,0;2,0,-1,-2;0,-1,0,-1
1,0,0,0;-2,0,0,1;1,-2,-1,0;-1,-3,1,-1
1,0,0,0;-2,0,0,2;-1,0,1,0;-2,-3,-3,1
1,0,0,0;-2,0,0,2;2,-1,-2,-1;-2,-1,-1,0
1,0,0,0;-2,0,1,-2;-1,-1,1,1;2,2,1,2
1,0,0,0;-2,0,1,-2;1,-1,-2,1;-1,2,-2,-1
1,0,0,0;-2,0,1,-2;1,0,2,-1;-1,2,-2,-2
1,0,0,0;-2,0,1,-3;-3,-2,-1,3;1,0,0,-3
1,0,0,0;-2,0,1,0;0,-3,-3,1;-1,-2,2,-3
1,0,0,0;-2,0,1,2;-2,-1,-1,2;0,-2,-1,-2
1,0,0,0;-2,0,2,-1;-1,-1,0,1;-2,-2,2,-1
1,0,0,0;-2,0,2,-1;2,-1,-1,0;0,1,2,1
1,0,0,0;-2,0,2,1;0,2,0,-1;2,0,2,1
1,0,0,0;-2,0,2,1;1,0,0,-2;-1,0,-1,2
1,0,0,0;-2,0,2,2;-3,-3,-3,3;-2,0,-2,1
1,0,0,0;-2,0,2,2;2,1,-2,-2;2,0,-1,-1
1,0,0,0;-2,0,3,-2;-2,0,-3,2;-3,0,1,1
1,0,0,0;-2,0,3,3;2,-1,0,3;2,-1,-2,0
1,0,0,0;-2,1,-1,-3;-2,-3,3,0;1,0,-3,0
1,0,0,0;-2,1,-1,0;-1,1,1,0;0,0,-1,-1
1,0,0,0;-2,1,-1,2;-2,2,1,0;-1,-2,1,0
1,0,0,0;-2,1,-2,0;-2,0,-1,-2;-1,-2,2,-2
1,0,0,0;-2,1,-2,1;-1,-1,-2,-1;0,-1,-1,0
1,0,0,0;-2,1,-2,3;-1,1,1,0;3,2,0,-1
1,0,0,0;-2,1,-3,3;-2,3,1,-3;-4,-1,2,-3
1,0,0,0;-2,1,-3,4;3,-3,2,-4;4,-5,-1,4
1,0,0,0;-2,1,0,-1;-3,2,-3,2;1,2,0,3
1,0,0,0;-2,1,0,-2;-1,1,0,2;0,1,1,1
1,0,0,0;-2,1,0,-2;2,-2,-1,-1;-2,-2,0,0
1,0,0,0;-2,1,0,0;0,-2,-2,-1;1,1,2,1
1,0,0,0;-2,1,0,0;0,2,0,2;-2,1,-1,-1
1,0,0,0;-2,1,0,2;-1,-1,2,1;-2,0,1,0
1,0,0,0;-2,1,1,-2;-2,-2,-1,2;-2,-1,0,1
1,0,0,0;-2,1,1,-2;-2,0,1,1;0,-2,-2,-1
1,0,0,0;-2,1,1,-2;1,0,-2,0;-2,-1,1,0
1,0,0,0;-2,1,2,-1;1,-1,1,2;2,2,1,-1
1,0,0,0;-2,1,2,0;-1,2,0,0;1,1,2,-2
1,0,0,0;-2,1,3,-1;0,-1,1,-1;2,0,2,-1
1,0,0,0;-2,16,-13,-14;-26,16,-31,-14;-35,-33,-34,24
1,0,0,0;-2,18,10,10;3,-18,-6,2;3,3,-2,-18
1,0,0,0;-2,18,10,8;6,-17,-3,4;3,3,-2,-16
1,0,0,0;-2,18,10,9;2,-14,-5,6;3,6,-3,-17
1,0,0,0;-2,18,10,9;2,-16,-4,6;3,4,-5,-17
1,0,0,0;-2,18,10,9;4,-18,-3,6;6,5,-4,-17
1,0,0,0;-2,18,11,9;4,-16,-5,4;6,5,-2,-17
1,0,0,0;-2,18,12,7;5,-15,-5,2;2,2,-6,-14
1,0,0,0;-2,18,12,8;5,-16,-2,4;3,2,-4,-17
1,0,0,0;-2,18,12,9;3,-18,-2,6;6,3,-4,-17
1,0,0,0;-2,18,13,6;3,-15,-2,3;3,6,-4,-15
1,0,0,0;-2,18,13,7;4,-16,-4,6;3,4,-2,-16
1,0,0,0;-2,18,13,8;2,-18,-4,4;2,3,-5,-18
1,0,0,0;-2,19,10,6;2,-16,-3,5;3,3,-3,-15
1,0,0,0;-2,19,10,9;4,-15,-6,6;5,2,-4,-17
1,0,0,0;-2,19,12,10;5,-18,-3,5;2,5,-6,-16
1,0,0,0;-2,19,12,7;4,-15,-3,5;3,3,-3,-15
1,0,0,0;-2,19,12,8;4,-18,-5,4;3,5,-2,-18
1,0,0,0;-2,19,13,10;6,-15,-5,2;6,5,-3,-17
1,0,0,0;-2,19,13,6;3,-14,-6,5;2,6,-5,-14
1,0,0,0;-2,19,13,7;3,-17,-4,2;4,2,-2,-16
1,0,0,0;-2,19,13,7;5,-15,-5,5;4,6,-3,-14
1,0,0,0;-2,19,13,8;6,-14,-4,5;5,4,-2,-14
1,0,0,0;-2,19,13,8;6,-15,-2,3;5,2,-5,-15
1,0,0,0;-2,19,14,6;5,-15,-4,4;4,3,-4,-15
1,0,0,0;-2,2,-1,-1;-1,-1,0,0;-2,2,2,0
1,0,0,0;-2,2,-1,0;-2,1,-2,0;1,-2,2,1
1,0,0,0;-2,2,-1,0;2,-1,1,1;-2,-2,2,-1
1,0,0,0;-2,2,-1,1;1,-1,-2,-2;1,1,0,1
1,0,0,0;-2,2,-2,-1;-1,1,0,2;-1,-1,1,-1
1,0,0,0;-2,2,-2,0;0,1,2,0;-1,1,0,1
1,0,0,0;-2,2,-2,1;0,0,2,1;0,-1,1,-1
1,0,0,0;-2,2,-2,2;0,2,0,2;-3,-2,0,-3
1,0,0,0;-2,2,-3,-1;-1,-1,4,5;3,3,-3,2
1,0,0,0;-2,2,-3,1;1,2,3,2;1,2,0,0
1,0,0,0;-2,2,-5,1;-1,5,-2,2;-2,-3,-4,2
1,0,0,0;-2,2,0,-1;0,1,3,0;2,-3,-2,1
1,0,0,0;-2,2,0,-1;2,-1,0,0;0,2,0,-1
1,0,0,0;-2,2,0,0;-1,-3,-3,1;2,1,-4,4
1,0,0,0;-2,2,0,0;-2,-3,-1,-2;2,-2,0,1
1,0,0,0;-2,2,0,0;2,0,-1,-1;-1,-2,-2,-1
1,0,0,0;-2,2,0,1;3,1,0,3;0,-1,1,0
1,0,0,0;-2,2,1,0;-2,1,-2,1;1,-1,-2,-2
1,0,0,0;-2,2,1,0;-3,0,-1,-2;-1,3,-1,-1
1,0,0,0;-2,2,1,3;1,-2,1,-2;-1,-2,-1,-2
1,0,0,0;-2,2,2,-1;0,1,2,2;2,-2,0,2
1,0,0,0;-2,2,2,2;-1,2,2,-2;-2,-2,-2,-1
1,0,0,0;-2,2,3,-1;-2,-3,0,-1;0,0,-3,-2
1,0,0,0;-2,2,3,-1;3,-3,1,1;0,0,1,-2
1,0,0,0;-2,2,3,-1;3,1,-1,3;-1,-1,0,0
1,0,0,0;-2,20,10,10;6,-16,-2,3;5,2,-2,-17
1,0,0,0;-2,20,10,6;3,-15,-5,5;5,4,-2,-14
1,0,0,0;-2,20,11,10;6,-18,-2,2;2,6,-4,-18
1,0,0,0;-2,20,11,9;2,-15,-4,6;4,6,-5,-14
1,0,0,0;-2,20,11,9;6,-15,-6,2;3,5,-2,-18
1,0,0,0;-2,20,12,6;2,-17,-4,2;2,4,-2,-15
1,0,0,0;-2,20,12,9;3,-16,-3,6;4,5,-2,-18
1,0,0,0;-2,20,12,9;5,-17,-5,6;2,6,-3,-14
1,0,0,0;-2,20,13,6;2,-15,-3,5;3,6,-2,-16
1,0,0,0;-2,20,13,6;6,-18,-6,3;3,5,-2,-14
1,0,0,0;-2,20,14,6;2,-17,-2,3;5,4,-3,-18
1,0,0,0;-2,20,14,7;2,-17,-3,3;4,6,-3,-18
1,0,0,0;-2,21,10,10;3,-14,-3,2;3,5,-4,-18
1,0,0,0;-2,21,10,10;4,-18,-3,5;2,6,-2,-18
1,0,0,0;-2,21,10,10;5,-18,-6,4;3,5,-2,-18
1,0,0,0;-2,21,10,8;2,-15,-5,2;6,3,-4,-17
1,0,0,0;-2,21,11,6;2,-15,-5,2;6,2,-6,-17
1,0,0,0;-2,21,11,6;4,-18,-4,4;3,2,-6,-14
1,0,0,0;-2,21,11,9;3,-16,-5,4;4,6,-4,-18
1,0,0,0;-2,21,12,6;6,-14,-2,4;3,3,-5,-14
1,0,0,0;-2,21,12,6;6,-17,-5,4;5,6,-6,-18
1,0,0,0;-2,21,12,8;6,-16,-6,6;3,5,-4,-14
1,0,0,0;-2,21,12,8;6,-18,-5,3;5,5,-4,-17
1,0,0,0;-2,21,13,10;4,-14,-4,3;2,6,-5,-16
1,0,0,0;-2,21,13,6;4,-16,-5,6;4,3,-6,-16
1,0,0,0;-2,21,13,8;3,-16,-6,4;2,4,-3,-14
1,0,0,0;-2,21,14,7;6,-14,-6,4;5,6,-3,-14
1,0,0,0;-2,22,10,7;6,-15,-5,4;4,5,-6,-16
1,0,0,0;-2,22,10,8;6,-15,-3,3;4,4,-3,-15
1,0,0,0;-2,22,10,9;6,-14,-3,4;4,6,-3,-16
1,0,0,0;-2,22,11,8;2,-15,-6,3;3,4,-5,-18
1,0,0,0;-2,22,11,8;4,-16,-6,5;3,5,-5,-15
1,0,0,0;-2,22,11,9;3,-16,-3,5;2,6,-5,-16
1,0,0,0;-2,22,11,9;4,-17,-4,2;4,2,-4,-15
1,0,0,0;-2,22,12,10;4,-14,-6,6;2,4,-6,-14
1,0,0,0;-2,22,12,6;5,-14,-4,4;6,3,-5,-16
1,0,0,0;-2,22,12,7;3,-16,-4,3;2,4,-6,-14
1,0,0,0;-2,22,12,7;3,-18,-4,4;4,3,-3,-18
1,0,0,0;-2,22,12,9;2,-18,-2,3;2,5,-4,-14
1,0,0,0;-2,22,13,7;3,-17,-6,4;2,4,-2,-17
1,0,0,0;-2,22,13,7;6,-16,-2,2;4,2,-5,-18
1,0,0,0;-2,22,14,10;2,-14,-3,2;2,6,-3,-17
1,0,0,0;-2,22,14,10;2,-15,-5,2;5,3,-5,-16
1,0,0,0;-2,22,14,6;4,-14,-6,5;2,2,-4,-14
1,0,0,0;-2,22,14,8;2,-18,-3,6;5,4,-3,-16
1,0,0,0;-2,3,-1,1;-3,1,-1,3;3,3,-2,-1
1,0,0,0;-2,3,-2,-1;-1,4,-3,-3;-2,0,4,3
1,0,0,0;-2,3,-3,-3;3,3,-2,-1;3,-3,-3,-1
1,0,0,0;-2,3,0,-1;5,-5,2,0;-3,2,-5,-2
1,0,0,0;-2,3,0,2;1,-3,3,-3;1,2,-1,2
1,0,0,0;-2,3,1,-3;-1,-2,3,0;2,0,-2,2
1,0,0,0;-2,3,1,0;-1,-2,-1,1;-1,3,-3,-2
1,0,0,0;-2,3,1,0;0,-6,-2,2;-1,1,1,-5
1,0,0,0;-2,3,1,0;3,-6,0,1;1,3,-2,-3
1,0,0,0;-2,3,1,1;3,-3,1,3;0,1,-1,-3
1,0,0,0;-2,3,1,2;3,-4,-2,0;1,-1,0,-3
1,0,0,0;-2,3,1,3;-1,-3,1,2;0,1,0,-5
1,0,0,0;-2,3,1,3;-1,-4,-3,1;-1,0,1,-5
1,0,0,0;-2,3,1,3;0,0,3,1;2,3,-3,-3
1,0,0,0;-2,3,1,4;1,-3,0,-1;3,2,-3,-6
1,0,0,0;-2,3,2,-1;-1,1,-3,-1;0,2,1,-1
1,0,0,0;-2,3,2,-1;-1,3,-2,-2;-1,1,2,1
1,0,0,0;-2,3,2,-2;-1,-2,2,3;-2,3,-2,-3
1,0,0,0;-2,3,2,2;-1,-5,-1,3;3,2,-3,-3
1,0,0,0;-2,3,2,2;2,-2,-1,0;-1,0,1,-2
1,0,0,0;-2,3,3,4;3,-6,-2,1;2,3,-2,-5
1,0,0,0;-2,3,4,3;3,-5,-2,3;1,0,-3,-6
1,0,0,0;-2,3,5,2;3,-4,-1,-1;0,0,0,-3
1,0,0,0;-2,3,5,4;-1,-2,0,-1;3,3,1,-4
1,0,0,0;-2,318,190,127;63,-255,-66,66;63,66,-62,-254
1,0,0,0;-2,318,190,127;64,-255,-65,64;66,63,-63,-255
1,0,0,0;-2,318,190,129;65,-257,-65,66;66,62,-66,-255
1,0,0,0;-2,318,191,128;62,-258,-64,65;62,63,-65,-257
1,0,0,0;-2,318,191,128;65,-257,-65,66;63,63,-66,-257
1,0,0,0;-2,318,191,129;63,-258,-64,63;63,62,-65,-257
1,0,0,0;-2,318,191,130;62,-256,-66,62;63,66,-63,-256
1,0,0,0;-2,318,192,126;63,-257,-66,62;63,62,-63,-254
1,0,0,0;-2,318,192,126;66,-255,-65,64;66,65,-66,-256
1,0,0,0;-2,318,192,129;63,-256,-62,64;65,62,-65,-255
1,0,0,0;-2,318,192,129;63,-256,-66,62;65,66,-62,-257
1,0,0,0;-2,318,193,126;63,-255,-66,62;65,66,-62,-258
1,0,0,0;-2,318,193,127;66,-255,-66,63;63,66,-65,-254
1,0,0,0;-2,318,194,127;62,-258,-62,66;63,66,-65,-256
1,0,0,0;-2,318,194,128;63,-258,-65,64;66,62,-64,-258
1,0,0,0;-2,318,194,130;63,-256,-63,64;66,63,-66,-256
1,0,0,0;-2,319,190,126;65,-257,-63,65;63,65,-66,-257
1,0,0,0;-2,319,190,127;62,-257,-66,64;65,64,-66,-257
1,0,0,0;-2,319,190,127;64,-255,-65,63;66,65,-64,-254
1,0,0,0;-2,319,190,128;65,-257,-63,62;62,62,-62,-256
1,0,0,0;-2,319,190,129;65,-255,-64,63;62,62,-64,-254
1,0,0,0;-2,319,191,126;65,-258,-65,62;62,65,-62,-255
1,0,0,0;-2,319,191,127;63,-256,-66,66;66,66,-62,-254
1,0,0,0;-2,319,192,126;64,-254,-64,66;64,63,-62,-254
1,0,0,0;-2,319,192,127;65,-255,-62,66;64,64,-62,-255
1,0,0,0;-2,319,192,128;65,-257,-64,66;63,62,-64,-258
1,0,0,0;-2,319,194,128;62,-258,-62,64;65,64,-65,-256
1,0,0,0;-2,319,194,129;66,-254,-63,63;66,63,-63,-256
1,0,0,0;-2,319,194,130;63,-254,-63,62;62,62,-64,-258
1,0,0,0;-2,320,190,126;66,-257,-66,62;65,65,-65,-257
1,0,0,0;-2,320,190,129;66,-256,-62,64;65,64,-63,-255
1,0,0,0;-2,320,191,126;63,-257,-66,65;64,64,-62,-257
1,0,0,0;-2,320,191,126;65,-254,-66,66;64,66,-63,-255
1,0,0,0;-2,320,191,126;66,-255,-66,66;64,63,-66,-254
1,0,0,0;-2,320,191,128;63,-255,-64,65;63,63,-66,-258
1,0,0,0;-2,320,192,126;62,-257,-62,62;65,66,-64,-256
1,0,0,0;-2,320,192,129;64,-254,-62,66;63,66,-62,-256
1,0,0,0;-2,320,193,128;64,-256,-66,65;66,65,-62,-255
1,0,0,0;-2,320,193,129;65,-255,-62,63;65,63,-65,-257
1,0,0,0;-2,320,193,130;66,-255,-66,66;66,64,-62,-258
1,0,0,0;-2,320,194,126;63,-255,-63,62;62,66,-65,-255
1,0,0,0;-2,320,194,128;62,-254,-65,65;62,65,-62,-255
1,0,0,0;-2,321,190,128;66,-255,-66,65;63,64,-64,-258
1,0,0,0;-2,321,190,129;63,-258,-63,63;64,66,-63,-258
1,0,0,0;-2,321,191,126;64,-255,-64,62;66,63,-65,-258
1,0,0,0;-2,321,191,128;64,-254,-63,64;62,62,-63,-254
1,0,0,0;-2,321,191,128;66,-255,-65,62;66,65,-63,-255
1,0,0,0;-2,321,191,129;66,-258,-63,64;64,66,-64,-255
1,0,0,0;-2,321,191,130;62,-255,-65,63;65,63,-66,-254
1,0,0,0;-2,321,192,127;64,-257,-66,64;63,64,-63,-255
1,0,0,0;-2,321,192,128;66,-254,-65,63;63,63,-66,-257
1,0,0,0;-2,321,193,127;62,-256,-65,66;62,65,-66,-256
1,0,0,0;-2,321,193,128;63,-256,-65,63;64,63,-66,-258
1,0,0,0;-2,321,194,126;62,-254,-62,64;65,66,-66,-258
1,0,0,0;-2,321,194,126;63,-256,-64,63;64,65,-64,-254
1,0,0,0;-2,322,190,126;62,-254,-63,66;65,63,-65,-255
1,0,0,0;-2,322,190,128;62,-255,-64,65;66,65,-65,-256
1,0,0,0;-2,322,190,130;63,-256,-65,63;65,62,-62,-257
1,0,0,0;-2,322,191,128;66,-256,-63,64;65,62,-63,-256
1,0,0,0;-2,322,191,130;64,-256,-63,64;66,66,-63,-254
1,0,0,0;-2,322,192,126;63,-258,-63,65;63,62,-63,-254
1,0,0,0;-2,322,192,129;66,-255,-64,65;62,62,-64,-254
1,0,0,0;-2,322,193,127;65,-254,-63,65;62,65,-66,-258
1,0,0,0;-2,322,194,129;63,-258,-64,62;63,65,-62,-254
1,0,0,0;-2,4,-2,0;-4,-3,5,1;-2,1,5,5
1,0,0,0;-2,4,0,-3;3,5,-2,0;1,-4,-5,0
1,0,0,0;-2,4,1,3;-1,-6,1,0;1,2,1,-4
1,0,0,0;-2,4,3,4;3,-6,-1,3;2,3,-3,-6
1,0,0,0;-2,4,4,0;1,-2,-2,-1;0,1,-1,-2
1,0,0,0;-2,4,4,2;-4,-3,-4,5;5,5,-4,2
1,0,0,0;-2,4,4,2;1,-5,1,3;2,1,-3,-4
1,0,0,0;-2,4,4,2;3,-3,0,3;2,0,-3,-4
1,0,0,0;-2,5,-2,-3;-1,1,3,4;-1,-4,-4,5
1,0,0,0;-2,5,0,4;-2,-3,5,3;1,4,3,1
1,0,0,0;-2,5,1,0;-3,-2,-1,-3;0,2,3,-1
1,0,0,0;-2,5,1,0;1,-3,-3,-1;0,2,-2,-3
1,0,0,0;-2,5,1,0;2,-4,-2,3;3,2,0,-3
1,0,0,0;-2,5,1,4;0,-5,-3,2;0,3,-1,-5
1,0,0,0;-2,5,2,1;0,-5,-2,-1;0,2,-1,-5
1,0,0,0;-2,5,2,2;0,-4,1,0;3,0,-2,-3
1,0,0,0;-2,5,2,2;3,-2,-1,0;2,3,-1,-6
1,0,0,0;-2,5,2,4;-1,-6,-3,3;2,3,-3,-2
1,0,0,0;-2,5,3,1;2,-4,0,-1;0,3,-1,-2
1,0,0,0;-2,5,4,0;0,-4,1,-1;1,1,1,-2
1,0,0,0;-2,5,4,0;1,-4,-1,3;-1,0,-3,-4
1,0,0,0;-2,5,4,1;-1,-2,0,0;3,2,-3,-6
1,0,0,0;-2,5,4,3;0,-5,-3,1;2,3,-1,-2
1,0,0,0;-2,5,5,1;2,-5,-1,-1;2,0,-2,-2
1,0,0,0;-2,5,5,2;2,-3,0,3;2,2,1,-2
1,0,0,0;-2,6,1,1;2,-4,-3,0;-1,-1,1,-2
1,0,0,0;-2,6,2,0;0,-5,-3,3;1,0,0,-6
1,0,0,0;-2,6,2,1;-1,-4,-1,-1;3,-1,0,-5
1,0,0,0;-2,6,2,3;1,-5,1,-1;0,-1,0,-4
1,0,0,0;-2,6,3,1;3,-5,-1,1;0,-1,0,-3
1,0,0,0;-2,6,3,3;1,-3,-2,3;-1,-1,0,-5
1,0,0,0;-2,6,4,4;-1,-2,-1,-1;0,2,1,-2
1,0,0,0;-2,6,5,0;2,-6,-2,2;1,3,0,-6
1,0,0,0;-2,6,5,1;-1,-6,-3,2;2,0,-3,-6
1,0,0,0;-2,6,5,2;3,-3,-3,2;-1,0,-2,-6
1,0,0,0;-2,6,5,2;3,-3,1,1;1,2,-3,-6
1,0,0,0;-2,6,5,4;0,-4,-3,1;0,0,0,-6
1,0,0,0;-2,7,2,0;0,-4,-2,1;0,-1,0,-6
1,0,0,0;-2,7,2,1;0,-3,0,0;3,0,-1,-4
1,0,0,0;-2,7,2,1;3,-4,-1,0;3,2,-2,-5
1,0,0,0;-2,7,2,4;-1,-3,-2,3;0,2,0,-6
1,0,0,0;-2,7,3,0;2,-6,-2,0;3,1,-1,-4
1,0,0,0;-2,7,3,1;0,-4,1,-1;1,1,-2,-4
1,0,0,0;-2,7,3,3;-1,-3,1,3;1,3,0,-2
1,0,0,0;-2,7,4,4;1,-4,-1,3;-1,1,-1,-5
1,0,0,0;-2,7,4,4;1,-4,0,-1;3,1,-2,-2
1,0,0,0;-2,7,5,0;2,-3,1,-1;3,-1,0,-5
1,0,0,0;-2,7,5,1;2,-3,-3,0;1,3,-1,-3
1,0,0,0;-2,78,46,31;15,-65,-15,16;15,15,-17,-65
1,0,0,0;-2,78,46,32;16,-63,-16,14;14,17,-14,-62
1,0,0,0;-2,78,46,33;14,-65,-18,16;17,16,-18,-65
1,0,0,0;-2,78,46,33;17,-63,-15,18;16,16,-18,-64
1,0,0,0;-2,78,47,32;18,-63,-16,18;17,15,-14,-64
1,0,0,0;-2,78,48,32;16,-62,-14,17;14,15,-17,-64
1,0,0,0;-2,78,48,34;14,-62,-17,17;16,15,-17,-63
1,0,0,0;-2,78,48,34;16,-66,-18,15;16,17,-17,-65
1,0,0,0;-2,78,49,34;18,-66,-18,14;16,17,-16,-62
1,0,0,0;-2,78,50,33;14,-65,-18,15;17,15,-17,-65
1,0,0,0;-2,78,50,34;17,-65,-16,14;14,18,-15,-64
1,0,0,0;-2,78,50,34;18,-64,-18,18;16,18,-14,-62
1,0,0,0;-2,79,46,30;17,-65,-15,18;16,17,-15,-66
1,0,0,0;-2,79,46,31;15,-62,-14,14;17,14,-14,-65
1,0,0,0;-2,79,46,34;14,-64,-16,18;17,15,-17,-66
1,0,0,0;-2,79,48,31;18,-62,-16,16;16,16,-16,-64
1,0,0,0;-2,79,48,34;18,-63,-16,16;16,15,-18,-62
1,0,0,0;-2,79,48,34;18,-65,-15,15;18,15,-15,-66
1,0,0,0;-2,79,49,34;14,-65,-17,16;17,16,-18,-62
1,0,0,0;-2,79,50,30;14,-66,-18,16;18,17,-15,-62
1,0,0,0;-2,79,50,32;17,-63,-18,16;18,16,-15,-64
1,0,0,0;-2,79,50,33;15,-64,-14,16;18,16,-16,-63
1,0,0,0;-2,79,50,34;15,-65,-15,15;17,17,-15,-65
1,0,0,0;-2,79,50,34;17,-66,-17,15;18,15,-14,-65
1,0,0,0;-2,80,46,30;16,-63,-18,16;15,16,-14,-64
1,0,0,0;-2,80,46,31;17,-66,-15,15;17,14,-18,-63
1,0,0,0;-2,80,46,32;16,-65,-14,17;18,16,-18,-63
1,0,0,0;-2,80,46,32;18,-64,-18,16;16,17,-16,-62
1,0,0,0;-2,80,46,32;18,-64,-18,16;18,14,-15,-62
1,0,0,0;-2,80,46,34;18,-66,-17,14;14,16,-17,-64
1,0,0,0;-2,80,47,31;18,-64,-15,15;18,16,-14,-64
1,0,0,0;-2,80,47,32;16,-66,-16,14;15,16,-14,-62
1,0,0,0;-2,80,47,32;18,-63,-16,14;14,14,-17,-66
1,0,0,0;-2,80,47,33;14,-62,-17,14;17,15,-16,-63
1,0,0,0;-2,80,49,34;17,-66,-17,18;16,17,-14,-63
1,0,0,0;-2,80,50,30;16,-63,-15,17;17,14,-16,-64
1,0,0,0;-2,80,50,32;14,-63,-15,17;15,18,-16,-66
1,0,0,0;-2,80,50,34;16,-64,-17,17;16,15,-16,-64
1,0,0,0;-2,80,50,34;17,-64,-15,18;17,14,-17,-66
1,0,0,0;-2,81,46,31;15,-63,-16,14;17,18,-16,-62
1,0,0,0;-2,81,46,31;16,-66,-16,17;17,17,-16,-66
1,0,0,0;-2,81,46,32;18,-66,-16,14;14,14,-18,-62
1,0,0,0;-2,81,46,34;15,-63,-17,16;15,17,-18,-62
1,0,0,0;-2,81,47,30;15,-64,-14,17;17,18,-16,-63
1,0,0,0;-2,81,47,31;16,-64,-18,17;14,16,-17,-66
1,0,0,0;-2,81,47,33;16,-66,-17,16;14,16,-14,-65
1,0,0,0;-2,81,48,31;15,-65,-17,14;16,17,-17,-65
1,0,0,0;-2,81,49,30;16,-63,-17,15;16,17,-16,-63
1,0,0,0;-2,81,49,32;15,-63,-17,15;17,18,-16,-63
1,0,0,0;-2,81,49,34;15,-64,-14,14;16,17,-15,-64
1,0,0,0;-2,81,50,32;18,-63,-16,14;15,15,-15,-62
1,0,0,0;-2,81,50,34;14,-63,-15,14;15,17,-14,-64
1,0,0,0;-2,82,46,30;16,-65,-17,15;14,16,-17,-63
1,0,0,0;-2,82,46,34;16,-66,-18,15;18,15,-16,-65
1,0,0,0;-2,82,47,32;16,-62,-14,14;16,18,-17,-62
1,0,0,0;-2,82,47,33;16,-63,-14,17;16,17,-14,-66
1,0,0,0;-2,82,47,33;16,-66,-17,17;14,18,-17,-62
1,0,0,0;-2,82,48,34;14,-62,-17,18;16,14,-17,-66
1,0,0,0;-2,82,48,34;16,-65,-18,16;14,15,-16,-65
1,0,0,0;-2,82,49,30;16,-62,-16,17;14,15,-14,-66
1,0,0,0;-2,82,50,32;16,-64,-18,14;15,18,-16,-63
1,0,0,0;-2,82,50,34;17,-62,-14,14;18,14,-17,-62
1,0,0,0;-20,22,38,-56;-51,52,-29,33;6,-35,-46,-5
1,0,0,0;-20,31,-1,-54;20,44,51,-19;-55,-23,34,-24
1,0,0,0;-20,6,0,-57;-8,30,-12,-60;-58,56,22,-46
1,0,0,0;-21,-55,-7,41;-47,19,20,29;-19,-44,57,-59
1,0,0,0;-21,20,56,-1;-43,13,-7,32;-32,52,-55,30
1,0,0,0;-21,56,46,33;-29,24,-34,-6;-53,-21,36,-12
1,0,0,0;-22,-33,-28,48;42,30,30,-4;0,-31,-5,-58
1,0,0,0;-22,-34,28,-7;-18,40,-17,-19;4,0,41,17
1,0,0,0;-22,-56,14,16;-48,-60,-16,-36;60,-41,24,-22
1,0,0,0;-22,39,8,-25;53,39,35,26;-24,-26,-5,-17
1,0,0,0;-22,42,6,-40;25,-5,40,-49;53,27,-18,-54
1,0,0,0;-23,-45,-11,-58;52,49,-49,-56;-55,-50,29,-14
1,0,0,0;-23,-50,-2,-48;-12,-42,5,-36;-28,-9,59,26
1,0,0,0;-25,0,-29,-51;33,-40,49,-60;59,33,20,-37
1,0,0,0;-25,14,45,8;0,-31,-51,9;-27,21,41,-17
1,0,0,0;-25,19,-25,10;28,-35,-2,-28;16,-13,48,-32
1,0,0,0;-25,31,37,-30;-9,41,43,-20;-53,14,-4,2
1,0,0,0;-27,-10,-23,16;46,24,-7,57;27,-13,45,35
1,0,0,0;-27,-11,52,26;-4,60,24,46;53,3,32,-39
1,0,0,0;-27,-24,53,19;11,-57,55,30;13,2,8,-18
1,0,0,0;-28,-48,51,57;36,27,13,-58;15,58,-39,-14
1,0,0,0;-28,53,-33,-36;-42,-30,-56,26;-20,-52,-3,12
1,0,0,0;-29,-28,10,-21;16,57,-5,24;-33,24,-21,-3
1,0,0,0;-29,-52,42,12;4,-44,-53,-6;6,39,-35,-31
1,0,0,0;-29,25,-23,19;-28,54,31,-42;31,20,-26,-14
1,0,0,0;-29,37,-44,-45;-25,60,11,-59;-60,-13,-24,46
1,0,0,0;-29,47,4,-39;-5,-48,31,-38;52,-51,47,35
1,0,0,0;-3,-1,-1,1;3,-1,0,1;-2,-2,-3,-3
1,0,0,0;-3,-1,-1,5;5,5,4,-5;3,-5,5,-3
1,0,0,0;-3,-1,-2,-3;-3,-2,1,3;1,-2,-3,-1
1,0,0,0;-3,-1,-2,0;0,-2,-1,-2;0,-1,-1,-3
1,0,0,0;-3,-1,-3,-1;-3,1,-1,0;0,-3,-3,0
1,0,0,0;-3,-1,-3,-3;2,0,-1,-1;-1,0,1,1
1,0,0,0;-3,-1,0,0;2,1,-3,0;2,1,-2,-2
1,0,0,0;-3,-1,0,3;2,-3,-1,2;1,2,-3,3
1,0,0,0;-3,-1,2,-2;3,-3,-3,0;-3,-1,0,2
1,0,0,0;-3,-2,-1,-3;2,1,1,2;-3,3,-3,3
1,0,0,0;-3,-2,-2,-2;-2,2,-3,-3;-1,-2,0,3
1,0,0,0;-3,-2,-3,-2;-1,-2,0,-1;1,-3,-2,-3
1,0,0,0;-3,-2,-3,0;3,2,0,3;3,3,3,0
1,0,0,0;-3,-2,-3,1;-2,0,-3,2;-3,-2,0,0
1,0,0,0;-3,-2,1,-1;-1,2,-2,0;-2,-2,-1,-2
1,0,0,0;-3,-2,2,-1;-1,-3,-2,2;0,-3,-1,3
1,0,0,0;-3,-2,2,-2;5,1,-3,3;-5,-1,-3,3
1,0,0,0;-3,-2,3,-3;3,1,-1,-3;0,-3,-2,-2
1,0,0,0;-3,-3,-1,-1;1,-1,-2,-4;5,-4,-1,-2
1,0,0,0;-3,-3,-1,-2;3,3,-2,-2;3,-3,1,-2
1,0,0,0;-3,-3,-1,-3;-1,0,-3,1;3,-2,0,-1
1,0,0,0;-3,-3,0,0;-1,0,-2,2;-3,-1,1,2
1,0,0,0;-3,-39,6,26;-13,-3,-22,35;60,-7,-29,36
1,0,0,0;-3,-4,-1,-3;5,4,-5,0;-4,-4,-4,-1
1,0,0,0;-3,-4,-2,2;0,-4,0,-3;-3,-5,5,2
1,0,0,0;-3,-4,-3,-1;5,1,4,3;5,1,-4,0
1,0,0,0;-3,-4,3,2;2,-5,-2,-3;4,1,-5,3
1,0,0,0;-3,-4,4,3;-2,0,5,-2;-1,1,-1,2
1,0,0,0;-3,-5,-1,-1;-5,4,2,2;1,-4,-1,2
1,0,0,0;-3,-5,-4,-3;1,-1,3,2;-4,5,0,-1
1,0,0,0;-3,0,-1,-2;0,-2,-3,-2;3,-1,-1,3
1,0,0,0;-3,0,-1,2;-3,-2,-3,-3;2,-3,3,-3
1,0,0,0;-3,0,-3,0;-2,0,2,2;-3,1,-2,-1
1,0,0,0;-3,0,-3,2;2,2,-2,-2;0,3,1,-3
1,0,0,0;-3,0,-4,5;1,2,4,3;5,1,-3,-2
1,0,0,0;-3,0,0,-4;2,-2,-3,4;-5,-1,3,-1
1,0,0,0;-3,0,0,3;3,3,3,-2;-1,-2,3,-3
1,0,0,0;-3,0,1,-2;3,1,-2,-1;-2,3,2,-2
1,0,0,0;-3,0,2,2;-2,3,-3,-3;0,1,-3,1
1,0,0,0;-3,0,3,2;-2,2,-2,-1;0,1,3,-3
1,0,0,0;-3,0,4,-1;2,-3,-1,3;2,-2,4,-1
1,0,0,0;-3,1,-1,3;-1,2,-3,1;-1,-3,1,3
1,0,0,0;-3,1,-3,0;-1,2,2,-3;-1,-1,-2,0
1,0,0,0;-3,1,-4,0;-4,5,3,0;3,3,3,5
1,0,0,0;-3,1,0,-1;-1,-1,1,0;1,-2,2,3
1,0,0,0;-3,1,0,1;0,0,-1,-2;1,3,-3,-2
1,0,0,0;-3,1,1,-2;1,-5,3,1;5,-5,2,-5
1,0,0,0;-3,1,2,1;1,-1,3,3;2,-3,2,1
1,0,0,0;-3,1,2,2;-2,3,-3,3;-1,0,2,-1
1,0,0,0;-3,1,4,-4;-2,-2,4,3;-3,-3,-3,-4
1,0,0,0;-3,2,-3,-3;-2,-2,0,2;2,-2,3,1
1,0,0,0;-3,2,-3,5;3,2,4,0;-5,-3,1,-1
1,0,0,0;-3,2,0,-3;-3,-3,0,3;-2,3,0,-1
1,0,0,0;-3,2,0,-3;2,-2,1,1;0,-3,1,-1
1,0,0,0;-3,2,0,3;-3,4,3,3;2,4,-5,-4
1,0,0,0;-3,2,1,-1;-3,-1,3,-1;-3,-1,-3,3
1,0,0,0;-3,2,1,5;0,2,5,-1;-1,-4,5,-3
1,0,0,0;-3,2,2,1;-2,-2,-2,-1;2,0,0,-2
1,0,0,0;-3,3,-1,-1;1,-3,-1,-3;-3,1,0,2
1,0,0,0;-3,3,-2,2;2,-3,3,0;-3,2,0,-1
1,0,0,0;-3,3,-3,4;1,-5,-1,-3;-2,-3,4,-1
1,0,0,0;-3,3,0,-1;2,-5,4,-1;-2,3,1,-4
1,0,0,0;-3,3,0,-4;5,1,-2,-5;4,1,-4,-2
1,0,0,0;-3,3,0,2;1,-2,2,1;-3,2,-2,0
1,0,0,0;-3,3,1,2;3,-1,-1,-3;1,1,-2,-3
1,0,0,0;-3,3,2,0;-3,3,-2,-1;2,0,-3,0
1,0,0,0;-3,3,3,-3;0,1,1,1;-2,-2,0,0
1,0,0,0;-3,3,3,0;3,-1,4,5;0,2,-2,4
1,0,0,0;-3,35,41,54;-56,8,8,-15;-50,48,-20,18
1,0,0,0;-3,4,-2,2;-4,2,-2,-3;-2,-3,5,-4
1,0,0,0;-3,4,-3,4;2,3,-3,-5;3,0,3,-3
1,0,0,0;-3,4,2,1;-5,-3,1,-4;4,-2,-4,-2
1,0,0,0;-3,4,2,5;-5,3,2,2;0,-5,-2,3
1,0,0,0;-3,4,4,-3;5,3,3,-4;-2,1,-3,-1
1,0,0,0;-3,4,4,0;-1,4,1,4;1,5,-4,3
1,0,0,0;-3,5,-1,-3;5,5,4,5;-5,2,2,-3
1,0,0,0;-3,5,0,1;-3,3,-1,2;5,5,4,-3
1,0,0,0;-3,5,1,-3;1,-2,5,-1;4,3,-4,-4
1,0,0,0;-3,5,4,-2;4,5,-3,-4;2,-4,4,-3
1,0,0,0;-30,1,40,-30;-36,-35,-59,-53;-4,12,52,-17
1,0,0,0;-31,-33,58,-13;-5,18,12,-13;-8,-56,-43,-43
1,0,0,0;-32,-11,-27,-28;-33,21,-27,-12;-55,38,-56,50
1,0,0,0;-32,-12,-8,30;4,-32,42,51;-6,-38,29,26
1,0,0,0;-32,-48,-16,56;14,21,31,46;-22,25,53,58
1,0,0,0;-32,23,9,28;-49,-35,-1,-41;33,-37,-5,-18
1,0,0,0;-32,24,46,-28;30,55,-4,27;-6,-41,51,-53
1,0,0,0;-32,4,-2,-36;0,18,-30,54;-40,44,-34,36
1,0,0,0;-32,50,17,5;12,24,34,59;-39,23,-5,30
1,0,0,0;-32,7,-37,25;35,50,-12,-10;-48,23,-7,51
1,0,0,0;-33,-41,42,25;-31,-10,-56,-19;-12,-41,22,-23
1,0,0,0;-34,-24,-10,57;-13,-2,-25,33;12,-57,-37,-36
1,0,0,0;-34,-28,18,-10;-6,-57,19,-15;9,-14,-46,45
1,0,0,0;-34,-47,-20,20;60,37,-15,-40;-5,-22,44,-31
1,0,0,0;-34,42,15,18;-2,-9,59,33;-4,-34,52,-34
1,0,0,0;-34,45,-54,35;21,21,-52,50;-36,-12,-28,-4
1,0,0,0;-34,56,39,25;-3,25,-32,-58;-34,26,26,-13
1,0,0,0;-35,-2,57,30;11,24,-54,33;-20,-59,8,-52
1,0,0,0;-35,-43,0,-26;38,54,37,48;55,-31,14,58
1,0,0,0;-35,-59,8,30;39,0,-9,22;35,-24,-16,58
1,0,0,0;-35,31,-18,1;50,-53,10,28;35,-7,47,14
1,0,0,0;-36,17,-53,17;55,-10,-41,-53;50,41,-27,-22
1,0,0,0;-37,-43,-31,39;-13,42,60,22;-47,-54,-50,-50
1,0,0,0;-37,22,-36,-57;35,15,-12,28;29,-55,8,25
1,0,0,0;-37,48,-22,1;27,4,57,32;-34,-42,-10,-2
1,0,0,0;-37,8,-25,6;-27,-49,-20,-11;-28,24,49,-22
1,0,0,0;-38,-12,43,13;-26,15,-5,29;-45,4,-7,-48
1,0,0,0;-38,18,-20,-41;-39,-39,15,11;-22,-29,-44,-46
1,0,0,0;-38,53,14,-50;34,35,55,31;48,3,-7,19
1,0,0,0;-39,-57,8,-56;-48,-24,49,-7;-38,-37,-14,48
1,0,0,0;-4,-1,1,1;-1,-2,-3,0;-4,-1,4,5
1,0,0,0;-4,-1,3,-2;-1,1,0,-2;3,0,-1,0
1,0,0,0;-4,-2,-3,2;-1,-3,5,-2;-4,0,4,-1
1,0,0,0;-4,-2,0,0;5,-2,5,2;2,0,2,5
1,0,0,0;-4,-3,2,2;2,2,-1,3;-4,-5,4,4
1,0,0,0;-4,-3,4,-4;1,-5,0,1;-5,2,-3,2
1,0,0,0;-4,-4,3,-5;2,-1,2,3;1,-3,2,5
1,0,0,0;-4,-5,-2,5;-4,-3,-3,-5;3,3,3,-5
1,0,0,0;-4,-5,-4,-3;-1,3,5,-2;5,-5,1,-3
1,0,0,0;-4,-5,-4,-3;0,-3,-1,4;5,3,-3,-4
1,0,0,0;-4,-5,2,-5;4,2,5,5;-5,-5,4,1
1,0,0,0;-4,-5,3,0;2,-4,3,4;-5,0,-5,-3
1,0,0,0;-4,-5,5,3;-5,3,3,-2;4,-4,-3,-2
1,0,0,0;-4,0,0,-1;1,-3,-2,4;-1,2,0,-5
1,0,0,0;-4,0,3,-4;-5,3,1,5;-3,-5,-4,4
1,0,0,0;-4,1,3,4;2,4,4,-2;3,-4,-4,5
1,0,0,0;-4,1,5,4;-1,-3,-1,1;-5,-3,0,1
1,0,0,0;-4,3,-1,-2;2,-5,-1,4;4,-4,4,0
1,0,0,0;-4,3,1,-2;0,-3,-5,0;2,-2,1,5
1,0,0,0;-4,3,2,-1;-2,4,4,0;-4,-2,1,-5
1,0,0,0;-4,3,3,2;3,5,-1,-3;-2,0,-4,-2
1,0,0,0;-4,3,4,-2;3,-1,-2,-1;-3,3,0,-4
1,0,0,0;-4,4,-4,2;2,0,0,-2;1,3,4,2
1,0,0,0;-4,4,-5,-3;-4,1,4,5;0,3,-1,-4
1,0,0,0;-4,5,0,0;-4,1,1,-4;1,5,-5,0
1,0,0,0;-4,5,3,-5;4,-3,5,-4;-2,4,-2,3
1,0,0,0;-4,5,3,0;0,-4,2,1;-4,-3,-2,-4
1,0,0,0;-4,5,5,-1;2,-4,-3,-4;5,-2,-1,0
1,0,0,0;-40,-14,-39,24;60,-49,-18,-60;47,22,51,47
1,0,0,0;-40,-27,56,-9;8,-57,-42,35;-14,-35,42,26
1,0,0,0;-40,16,-27,31;16,31,-5,-29;44,-33,-34,-43
1,0,0,0;-40,30,-17,56;-14,12,-6,30;-12,-45,47,51
1,0,0,0;-41,32,3,60;-5,-22,48,-14;-9,39,49,-15
1,0,0,0;-41,36,-24,-54;49,56,-57,-39;9,47,57,17
1,0,0,0;-41,47,-19,15;-10,-14,-28,-30;35,-47,-11,-56
1,0,0,0;-41,49,-50,-6;14,-52,43,49;-21,5,50,30
1,0,0,0;-41,56,22,-32;52,30,40,-53;-58,-40,-19,-60
1,0,0,0;-42,-54,-9,24;-49,34,-40,-60;-16,7,49,-9
1,0,0,0;-42,10,-27,-52;38,36,49,13;57,-13,-50,-15
1,0,0,0;-42,19,-46,-22;28,-49,-14,-28;49,20,22,8
1,0,0,0;-43,-10,47,30;36,-3,-10,-3;-47,-23,7,14
1,0,0,0;-43,-7,20,18;18,35,-57,11;13,-50,32,22
1,0,0,0;-43,-8,44,-54;51,20,-42,-19;-18,-36,6,-60
1,0,0,0;-43,27,53,-17;-34,-37,-20,-46;10,-32,-42,43
1,0,0,0;-44,-23,-16,17;-25,-58,-59,-45;36,-36,-51,1
1,0,0,0;-44,-55,26,-9;10,-59,12,4;-22,-60,33,-12
1,0,0,0;-45,-12,-3,-11;56,-19,23,34;50,58,-23,-51
1,0,0,0;-45,33,10,-59;56,18,33,9;-43,35,44,35
1,0,0,0;-46,20,32,16;-36,1,52,24;-14,25,6,35
1,0,0,0;-47,-29,-57,47;-37,-22,48,32;35,49,11,40
1,0,0,0;-47,-33,-25,-39;34,-19,-32,-40;23,22,-56,17
1,0,0,0;-47,53,-11,26;17,3,-34,8;-50,32,-17,-47
1,0,0,0;-48,-34,-59,-38;-28,15,11,17;37,8,-25,22
1,0,0,0;-48,21,36,12;55,-32,-28,53;9,-24,53,-57
1,0,0,0;-49,-17,41,21;-9,50,23,-38;39,60,-30,6
1,0,0,0;-49,-2,4,-32;-60,14,21,-32;45,-26,3,37
1,0,0,0;-49,22,19,-40;-15,9,-19,34;21,52,-57,57
1,0,0,0;-49,33,-58,-37;36,52,0,-18;-24,50,29,-51
1,0,0,0;-49,7,21,3;49,-49,-35,-44;-6,41,-23,19
1,0,0,0;-5,-1,-2,1;1,-3,-4,1;-2,-2,-3,1
1,0,0,0;-5,-1,-3,1;-2,3,1,0;-4,-2,1,-1
1,0,0,0;-5,-1,2,-1;1,-3,4,-3;3,0,3,5
1,0,0,0;-5,-12,35,-42;47,55,-39,5;40,33,16,-25
1,0,0,0;-5,-2,1,0;1,-2,-3,-1;-1,0,-1,-5
1,0,0,0;-5,-2,3,-3;0,5,-4,4;1,0,-3,5
1,0,0,0;-5,-2,4,-2;4,-4,1,-3;5,-4,-5,4
1,0,0,0;-5,-2,5,-2;5,-3,4,-5;-3,-4,4,-2
1,0,0,0;-5,-21,-48,-22;40,-54,1,-38;44,-28,10,-34
1,0,0,0;-5,-3,-2,4;0,5,-1,5;-4,-2,-3,-2
1,0,0,0;-5,-3,-4,-2;-2,-4,-1,3;3,-1,-4,-3
1,0,0,0;-5,-3,0,-5;1,1,0,-2;0,2,0,1
1,0,0,0;-5,-4,0,-1;-5,-1,5,3;5,1,5,3
1,0,0,0;-5,-5,-3,5;5,-5,-4,-5;-4,4,0,-2
1,0,0,0;-5,-5,-4,-2;-1,-5,2,3;-2,-2,-2,-4
1,0,0,0;-5,-5,-4,1;-4,1,4,4;1,5,3,-5
1,0,0,0;-5,-5,0,2;-4,2,-3,2;4,0,3,-1
1,0,0,0;-5,-5,3,-5;1,-3,-2,-3;-5,-4,-5,4
1,0,0,0;-5,-5,4,0;-1,-4,3,0;3,-2,1,4
1,0,0,0;-5,0,-4,-1;-4,0,-4,3;4,-3,0,-3
1,0,0,0;-5,0,1,2;5,3,0,-3;3,-4,5,-5
1,0,0,0;-5,1,-3,2;-2,1,3,0;2,0,-2,-2
1,0,0,0;-5,1,1,-4;-5,5,-4,-3;2,1,5,3
1,0,0,0;-5,2,-1,3;3,0,-5,3;-1,1,-5,3
1,0,0,0;-5,2,-3,-1;4,-5,5,-4;2,4,-3,1
1,0,0,0;-5,2,-4,-2;-3,-3,3,-2;5,1,5,-4
1,0,0,0;-5,3,0,-4;-2,4,2,2;0,3,-3,-3
1,0,0,0;-5,4,3,2;-1,-5,4,-1;3,-2,1,3
1,0,0,0;-5,46,44,10;-20,-51,-60,-46;-32,57,32,-25
1,0,0,0;-5,5,-3,-3;1,-3,-1,-4;4,0,-5,3
1,0,0,0;-5,5,0,0;5,-1,2,2;-3,-4,3,0
1,0,0,0;-50,-18,12,21;23,-46,-55,48;-56,-19,-26,30
1,0,0,0;-50,-3,-36,-3;-59,-48,-7,-16;-31,4,-28,-60
1,0,0,0;-50,-37,-58,8;-6,-25,54,-1;-46,40,53,52
1,0,0,0;-50,28,3,16;20,5,41,22;1,36,20,-6
1,0,0,0;-51,-12,36,41;18,-21,39,-4;-6,23,-59,-46
1,0,0,0;-51,-50,36,-3;-12,-10,7,-7;3,59,55,22
1,0,0,0;-51,31,-22,-46;5,11,42,36;14,12,27,-36
1,0,0,0;-52,5,-33,-28;60,-25,-33,-11;-18,39,0,50
1,0,0,0;-52,9,6,-15;3,22,-59,-23;-21,17,9,-46
1,0,0,0;-53,-35,44,-1;-59,15,20,-1;-55,-3,29,30
1,0,0,0;-53,-37,-5,49;21,-45,-54,-43;50,52,-51,44
1,0,0,0;-54,-30,-58,-50;-49,36,13,-16;-12,-17,2,35
1,0,0,0;-54,-31,-18,-7;15,13,2,16;-34,14,5,26
1,0,0,0;-54,-38,-18,-16;-3,1,-29,-18;35,-14,-38,-46
1,0,0,0;-54,-8,46,-30;12,0,21,-18;16,-53,54,8
1,0,0,0;-55,-34,-44,-24;50,35,-47,44;36,2,10,-60
1,0,0,0;-55,-57,37,-56;27,40,0,47;57,-11,21,-1
1,0,0,0;-55,41,-50,-3;-9,52,-56,-3;51,31,-6,-2
1,0,0,0;-56,-34,-40,-7;-51,38,-44,20;-46,26,39,16
1,0,0,0;-56,-8,24,5;-13,42,-47,-8;-38,-6,49,-59
1,0,0,0;-56,44,-5,-39;-34,19,-29,-22;14,-55,-22,-37
1,0,0,0;-56,9,10,-55;17,36,39,13;-8,43,-39,20
1,0,0,0;-57,-34,-43,-27;-36,21,-37,44;-38,-29,-47,-34
1,0,0,0;-57,-5,16,-45;48,-34,-24,-19;-18,-43,-4,-35
1,0,0,0;-58,-33,-11,-22;14,-56,-46,17;-10,-40,-39,-26
1,0,0,0;-58,-44,-57,8;54,-20,-10,39;17,56,-4,20
1,0,0,0;-58,16,-31,-50;33,-44,-22,-27;-56,-1,6,-1
1,0,0,0;-59,-28,-53,-27;-43,-57,60,43;42,47,10,40
1,0,0,0;-59,-47,3,-49;48,36,-33,12;-2,-53,45,27
1,0,0,0;-59,-49,-7,-16;5,40,29,-15;16,-30,-22,-24
1,0,0,0;-59,2,26,-37;-25,19,60,-9;-21,12,-49,-16
1,0,0,0;-59,23,36,47;1,3,19,-58;-41,3,59,-36
1,0,0,0;-59,25,-31,34;-35,-9,9,-55;58,27,-23,10
1,0,0,0;-6,-41,-4,-33;1,-9,18,2;-53,34,7,32
1,0,0,0;-6,29,-42,-58;24,-14,-46,-58;13,-28,-35,34
1,0,0,0;-60,-24,-56,-27;39,-50,-37,19;-28,36,-3,28
1,0,0,0;-60,-27,36,-43;-45,41,-34,53;6,54,-46,26
1,0,0,0;-60,23,-55,44;24,-7,-51,46;-17,-37,9,57
1,0,0,0;-60,35,35,41;-42,-53,36,34;41,23,-59,45
1,0,0,0;-7,0,-38,53;-52,-4,-10,2;-43,5,36,45
1,0,0,0;-8,-5,22,17;43,-28,-15,-30;-11,48,14,-44
1,0,0,0;-8,-6,47,5;32,25,59,-47;-14,35,54,-17
1,0,0,0;-8,12,-4,3;9,-20,9,-55;39,-3,15,-22
1,0,0,0;-8,12,45,-19;-56,-25,-32,41;-4,-23,-35,30
1,0,0,0;-9,27,55,24;17,46,25,3;-34,54,21,32
1,0,0,0;0,-1,-1,-1;-1,0,-1,-1;-1,1,-1,1
1,0,0,0;0,-1,-1,-1;-1,0,-1,0;-1,0,1,1
1,0,0,0;0,-1,-1,-1;0,-1,0,-1;0,0,-1,1
1,0,0,0;0,-1,-1,-1;0,0,-1,1;-1,-1,0,0
1,0,0,0;0,-1,-1,-1;0,1,-1,1;0,1,1,0
1,0,0,0;0,-1,-1,-1;1,0,1,0;-1,1,-1,-1
1,0,0,0;0,-1,-1,-1;1,0,1,0;0,1,-1,1
1,0,0,0;0,-1,-1,-1;1,1,1,-2;1,0,-2,2
1,0,0,0;0,-1,-1,0;-1,0,-1,0;-1,1,1,1
1,0,0,0;0,-1,-1,0;0,-1,-1,-1;0,1,0,1
1,0,0,0;0,-1,-1,0;0,1,0,1;-1,-1,1,0
1,0,0,0;0,-1,-1,1;-1,0,1,1;-1,-1,0,-1
1,0,0,0;0,-1,-1,1;-1,1,1,0;-1,1,-1,-1
1,0,0,0;0,-1,-1,1;-2,2,-2,-1;-1,-2,-1,-1
1,0,0,0;0,-1,-1,1;0,-1,0,1;-1,1,1,0
1,0,0,0;0,-1,-1,1;0,-2,-1,0;-3,-3,-2,-1
1,0,0,0;0,-1,-1,1;0,0,0,-1;1,-1,-1,1
1,0,0,0;0,-1,-1,1;0,0,1,0;-1,0,0,-1
1,0,0,0;0,-1,-1,1;1,0,0,-1;-1,0,-1,-1
1,0,0,0;0,-1,-2,-2;2,2,1,-1;-1,0,-2,-2
1,0,0,0;0,-1,-3,1;-3,1,-2,0;2,3,-2,2
1,0,0,0;0,-1,-3,1;2,0,-3,2;1,2,3,-2
1,0,0,0;0,-1,-4,1;5,5,5,5;-3,1,-5,-2
1,0,0,0;0,-1,0,-1;0,0,0,-1;1,-1,0,-1
1,0,0,0;0,-1,0,-2;0,1,1,-1;-1,2,0,-1
1,0,0,0;0,-1,0,-2;1,-2,2,0;-1,2,1,2
1,0,0,0;0,-1,0,0;-1,0,-1,0;1,0,-1,0
1,0,0,0;0,-1,0,0;-1,1,0,1;1,1,-1,-1
1,0,0,0;0,-1,0,0;-2,0,1,0;-1,1,1,0
1,0,0,0;0,-1,0,0;0,1,-1,0;-1,0,-1,-1
1,0,0,0;0,-1,0,0;1,-1,1,0;0,1,-1,1
1,0,0,0;0,-1,0,0;1,0,-1,0;1,1,1,-1
1,0,0,0;0,-1,0,0;1,0,1,0;0,0,-1,0
1,0,0,0;0,-1,0,0;2,-2,1,2;0,-2,-1,2
1,0,0,0;0,-1,0,1;-1,-1,1,-1;0,1,-1,1
1,0,0,0;0,-1,0,1;-1,0,1,0;1,1,0,1
1,0,0,0;0,-1,0,1;-1,1,1,1;0,1,-1,1
1,0,0,0;0,-1,0,1;0,-1,0,-1;-1,-1,1,-1
1,0,0,0;0,-1,0,1;1,-1,1,0;-1,-1,-1,0
1,0,0,0;0,-1,0,1;1,1,-1,-1;1,1,0,0
1,0,0,0;0,-1,0,1;1,2,2,-2;-1,1,-2,-2
1,0,0,0;0,-1,0,2;1,-2,-2,-2;0,2,2,-1
1,0,0,0;0,-1,1,-1;-2,-1,0,-1;2,2,0,-1
1,0,0,0;0,-1,1,-1;0,0,-1,1;-1,-1,1,0
1,0,0,0;0,-1,1,-1;0,0,0,-1;0,0,0,1
1,0,0,0;0,-1,1,-1;1,0,-1,-1;-1,1,-1,1
1,0,0,0;0,-1,1,0;1,-1,1,-1;-1,-1,-1,0
1,0,0,0;0,-1,1,0;1,1,1,0;0,0,1,-1
1,0,0,0;0,-1,1,0;1,1,1,0;0,0,1,1
1,0,0,0;0,-1,1,1;1,0,1,0;0,-1,1,-1
1,0,0,0;0,-1,1,1;1,1,0,-2;-1,-2,1,1
1,0,0,0;0,-1,1,1;1,1,1,-1;1,0,-1,1
1,0,0,0;0,-1,1,1;1,1,1,1;-1,0,1,1
1,0,0,0;0,-1,1,1;2,-2,2,1;-2,3,-3,0
1,0,0,0;0,-1,2,-1;5,3,-1,-5;0,-5,1,5
1,0,0,0;0,-1,2,-2;-2,1,0,1;-1,-2,0,-1
1,0,0,0;0,-1,3,0;-2,2,3,0;0,2,0,-3
1,0,0,0;0,-1,4,-4;-2,-1,1,0;3,-1,2,5
1,0,0,0;0,-2,-1,-2;2,-2,3,-2;2,0,1,-3
1,0,0,0;0,-2,-1,1;2,-1,2,0;-2,-2,-2,1
1,0,0,0;0,-2,-1,1;2,-2,1,-2;0,0,-1,-2
1,0,0,0;0,-2,-1,2;1,0,-2,1;-2,1,-1,2
1,0,0,0;0,-2,-1,2;2,-1,-2,0;2,2,-1,-1
1,0,0,0;0,-2,-1,3;-5,0,-5,-4;-3,1,0,5
1,0,0,0;0,-2,-2,-1;0,0,-2,1;-1,-2,-2,2
1,0,0,0;0,-2,-2,-1;1,-2,0,2;0,-2,1,-2
1,0,0,0;0,-2,-2,0;-2,2,-1,-2;0,-2,1,-2
1,0,0,0;0,-2,-2,1;-1,0,-2,3;-3,2,-1,0
1,0,0,0;0,-2,-2,1;1,1,2,-2;1,0,2,-1
1,0,0,0;0,-2,-2,2;-3,2,3,0;-1,1,0,-2
1,0,0,0;0,-2,-3,-1;1,-3,-3,-2;3,0,-3,-1
1,0,0,0;0,-2,-4,3;0,-4,-3,-2;1,-5,-5,1
1,0,0,0;0,-2,-5,0;-4,4,-5,-3;-4,-2,0,1
1,0,0,0;0,-2,0,-2;-2,-2,2,2;-1,2,1,-1
1,0,0,0;0,-2,0,-2;-3,3,2,-1;3,2,3,-2
1,0,0,0;0,-2,0,-2;1,-1,-1,1;0,2,0,0
1,0,0,0;0,-2,0,3;-1,1,-2,1;3,-2,-3,0
1,0,0,0;0,-2,1,-2;2,2,-2,2;-2,1,0,-2
1,0,0,0;0,-2,1,0;4,-2,1,5;5,3,2,2
1,0,0,0;0,-2,1,1;1,1,-1,1;-2,0,0,0
1,0,0,0;0,-2,2,-1;2,1,-1,-1;0,1,2,-2
1,0,0,0;0,-2,3,1;2,0,5,2;4,5,-5,-3
1,0,0,0;0,-3,-1,2;2,0,3,-1;-1,0,-2,-3
1,0,0,0;0,-3,-2,0;-2,-1,-4,-3;5,-4,-2,1
1,0,0,0;0,-3,-2,0;-2,-1,2,2;-3,-2,-1,-3
1,0,0,0;0,-3,-2,2;-2,-1,0,0;-3,-1,0,2
1,0,0,0;0,-3,-3,-1;-1,-1,4,-2;3,-1,-1,4
1,0,0,0;0,-3,-3,-3;0,3,3,-3;2,-2,-2,1
1,0,0,0;0,-3,-4,4;3,-5,2,0;-3,0,0,-4
1,0,0,0;0,-3,1,-3;-1,-3,-1,0;-2,2,2,-3
1,0,0,0;0,-3,1,2;-2,2,2,2;0,-3,0,1
1,0,0,0;0,-3,2,-1;-1,2,-2,-1;3,0,3,-3
1,0,0,0;0,-3,2,-1;1,2,3,3;0,1,0,0
1,0,0,0;0,-3,3,3;-2,-1,-2,-1;3,-2,0,3
1,0,0,0;0,-4,-2,-2;-1,2,-3,4;-3,-2,2,-2
1,0,0,0;0,-4,1,-5;4,-4,-1,0;3,-2,0,1
1,0,0,0;0,-4,3,-3;3,2,-2,0;-5,5,3,-2
1,0,0,0;0,-49,17,6;14,43,44,44;-47,-20,32,-60
1,0,0,0;0,-5,-3,5;3,2,4,2;2,0,2,-3
1,0,0,0;0,-5,0,4;2,0,3,0;-3,-2,-2,4
1,0,0,0;0,-5,3,0;3,2,2,-2;-4,1,1,-5
1,0,0,0;0,-5,3,3;-4,-2,-5,0;4,4,2,5
1,0,0,0;0,-60,29,-15;11,5,44,-37;-22,-54,-30,-56
1,0,0,0;0,0,-1,-1;-1,-1,-1,-1;1,1,2,-2
1,0,0,0;0,0,-1,-1;0,0,-1,0;1,-1,-1,1
1,0,0,0;0,0,-1,-1;0,1,-1,0;1,1,0,-1
1,0,0,0;0,0,-1,-1;1,0,1,0;-1,-1,1,-1
1,0,0,0;0,0,-1,-1;1,1,-3,-2;-2,0,-2,-2
1,0,0,0;0,0,-1,-1;1,1,1,-1;0,1,-1,0
1,0,0,0;0,0,-1,-2;-3,-1,1,3;-1,-1,0,-2
1,0,0,0;0,0,-1,-2;0,-2,2,-2;2,2,0,2
1,0,0,0;0,0,-1,0;0,1,-1,0;1,-1,0,-1
1,0,0,0;0,0,-1,0;0,2,0,-1;-2,0,-1,-2
1,0,0,0;0,0,-1,0;1,1,-1,-1;1,1,0,-1
1,0,0,0;0,0,-1,1;0,-1,-1,0;1,0,0,0
1,0,0,0;0,0,-1,1;0,0,-2,1;-1,-1,-1,-1
1,0,0,0;0,0,-1,1;1,0,-1,1;1,0,-1,0
1,0,0,0;0,0,-1,2;-2,2,-1,-1;1,2,-2,1
1,0,0,0;0,0,-1,2;-3,0,3,2;2,-1,-3,-3
1,0,0,0;0,0,-1,2;2,-2,2,2;-2,2,-2,-1
1,0,0,0;0,0,-2,-1;0,2,1,-1;2,2,-1,0
1,0,0,0;0,0,-2,1;0,2,0,-1;2,2,-1,-2
1,0,0,0;0,0,-3,-4;5,3,3,-4;5,1,-4,-2
1,0,0,0;0,0,-3,3;3,3,-1,2;-2,0,2,0
1,0,0,0;0,0,0,-1;-1,0,1,-1;1,0,0,-1
1,0,0,0;0,0,0,-1;0,0,1,1;1,-1,0,0
1,0,0,0;0,0,0,-1;1,0,1,1;-1,0,1,-1
1,0,0,0;0,0,0,1;-1,-1,1,1;1,-1,-1,1
1,0,0,0;0,0,0,1;0,0,0,1;0,-1,0,-1
1,0,0,0;0,0,0,1;0,0,1,0;-1,0,-1,-1
1,0,0,0;0,0,0,1;0,0,1,1;-1,0,0,0
1,0,0,0;0,0,0,1;1,2,-2,-2;0,1,1,0
1,0,0,0;0,0,0,1;3,2,-3,0;3,-3,3,2
1,0,0,0;0,0,0,2;2,3,-2,0;-1,-1,1,0
1,0,0,0;0,0,1,-1;-1,-1,0,1;0,0,1,-1
1,0,0,0;0,0,1,-1;-1,1,0,1;1,0,0,1
1,0,0,0;0,0,1,-1;1,-1,1,1;-1,1,-1,-1
1,0,0,0;0,0,1,-2;-1,-2,0,0;0,-2,1,1
1,0,0,0;0,0,1,0;-1,-1,1,0;0,1,1,1
1,0,0,0;0,0,1,0;0,-1,1,0;-1,-1,0,1
1,0,0,0;0,0,1,0;0,0,-1,-1;1,1,1,-1
1,0,0,0;0,0,1,0;1,1,0,0;1,0,0,-1
1,0,0,0;0,0,1,0;2,-2,2,2;-1,-1,1,-2
1,0,0,0;0,0,1,1;-1,0,0,-1;0,-1,1,0
1,0,0,0;0,0,1,1;-2,-2,-1,-1;0,-1,0,-1
1,0,0,0;0,0,1,1;0,-1,1,-1;1,0,0,1
1,0,0,0;0,0,1,1;0,1,-1,-1;-1,0,-1,1
1,0,0,0;0,0,1,1;0,1,-1,1;1,0,1,-1
1,0,0,0;0,0,1,1;1,-2,1,1;0,-1,2,-2
1,0,0,0;0,0,1,1;1,0,1,-1;-1,-1,1,0
1,0,0,0;0,0,1,1;1,0,1,-1;1,0,-1,0
1,0,0,0;0,0,1,1;1,1,0,0;1,-1,0,1
1,0,0,0;0,0,1,3;3,3,2,0;-2,0,1,-2
1,0,0,0;0,0,2,-1;-1,-3,-3,0;-3,2,2,-2
1,0,0,0;0,0,3,-1;-3,1,-2,1;-1,-2,-1,3
1,0,0,0;0,0,3,2;3,-3,3,0;1,-1,0,3
1,0,0,0;0,1,-1,-1;-1,0,0,-1;-1,1,1,-1
1,0,0,0;0,1,-1,-1;-1,1,-1,0;1,0,-1,0
1,0,0,0;0,1,-1,-1;-2,-1,-2,2;-1,-2,2,1
1,0,0,0;0,1,-1,-1;-2,2,-2,-1;2,0,0,-1
1,0,0,0;0,1,-1,-1;0,0,1,1;1,1,-1,1
1,0,0,0;0,1,-1,-1;1,-1,-1,1;1,-1,0,1
1,0,0,0;0,1,-1,-1;1,0,-1,0;-1,0,0,-1
1,0,0,0;0,1,-1,-1;1,2,1,0;0,-2,1,-1
1,0,0,0;0,1,-1,-5;0,-1,-1,-5;0,0,4,3
1,0,0,0;0,1,-1,0;-1,0,1,1;1,-1,0,1
1,0,0,0;0,1,-1,0;-2,2,-2,-2;2,2,0,1
1,0,0,0;0,1,-1,0;0,-1,-1,0;1,0,1,1
1,0,0,0;0,1,-1,0;0,-1,1,-2;-1,-1,0,0
1,0,0,0;0,1,-1,0;1,-1,0,-1;0,-1,-1,1
1,0,0,0;0,1,-1,0;1,-1,0,0;-1,1,0,1
1,0,0,0;0,1,-1,0;1,0,-1,-1;1,-1,1,-1
1,0,0,0;0,1,-1,0;1,1,1,-1;1,0,1,1
1,0,0,0;0,1,-1,1;-1,-1,1,-1;-1,-1,1,0
1,0,0,0;0,1,-1,1;-1,0,1,0;0,1,0,0
1,0,0,0;0,1,-1,1;-1,1,1,-1;0,-1,1,-1
1,0,0,0;0,1,-1,1;0,-1,0,-1;1,0,1,1
1,0,0,0;0,1,-1,1;1,-1,1,-1;0,-1,-1,-1
1,0,0,0;0,1,-1,1;1,1,0,-1;1,1,1,1
1,0,0,0;0,1,-1,1;1,2,-1,1;2,2,-2,1
1,0,0,0;0,1,-1,2;-1,-2,0,2;0,-1,1,3
1,0,0,0;0,1,-1,4;2,-5,-3,-3;-1,-2,-2,-4
1,0,0,0;0,1,-2,-1;0,2,-2,-2;2,-2,-1,-1
1,0,0,0;0,1,-2,-1;2,-2,-1,-2;1,-1,-2,2
1,0,0,0;0,1,-2,1;-1,-3,1,-3;-1,-4,-4,-2
1,0,0,0;0,1,-2,1;1,-2,0,2;2,-1,-1,-1
1,0,0,0;0,1,-2,3;-3,-3,-1,-3;-2,-2,0,0
1,0,0,0;0,1,-3,-1;1,3,2,0;1,-3,-3,-2
1,0,0,0;0,1,0,-1;-1,-1,-1,-1;-1,1,-1,-1
1,0,0,0;0,1,0,-1;-1,1,-1,0;0,-1,-1,1
1,0,0,0;0,1,0,-1;-1,2,-2,1;-1,-2,1,2
1,0,0,0;0,1,0,-1;0,-1,-1,0;0,-1,1,1
1,0,0,0;0,1,0,-1;1,0,0,-1;1,0,-1,1
1,0,0,0;0,1,0,-4;2,3,3,5;-5,-5,5,-3
1,0,0,0;0,1,0,0;-1,1,1,0;0,-1,0,-1
1,0,0,0;0,1,0,0;0,-1,-1,0;0,0,0,-1
1,0,0,0;0,1,0,0;0,-1,0,1;1,2,-1,2
1,0,0,0;0,1,0,0;0,1,-1,1;0,-1,-1,0
1,0,0,0;0,1,0,1;-1,-1,-1,0;0,-1,1,0
1,0,0,0;0,1,0,1;-1,-1,-1,0;1,-1,-1,1
1,0,0,0;0,1,0,1;-1,-1,0,-1;1,-1,0,0
1,0,0,0;0,1,0,1;-1,0,-1,1;0,0,1,-1
1,0,0,0;0,1,0,1;0,0,0,1;1,1,1,-1
1,0,0,0;0,1,0,1;0,1,0,1;0,0,1,-1
1,0,0,0;0,1,0,1;1,-1,1,1;1,-1,0,-1
1,0,0,0;0,1,0,1;1,0,1,0;-1,1,-1,1
1,0,0,0;0,1,0,1;1,1,1,-1;-1,-1,0,0
1,0,0,0;0,1,0,1;2,-3,1,3;3,3,2,-2
1,0,0,0;0,1,0,1;3,2,3,-1;2,0,-1,1
1,0,0,0;0,1,0,2;-2,-1,2,1;-1,0,-1,0
1,0,0,0;0,1,1,-1;-1,0,1,-1;0,1,-1,-1
1,0,0,0;0,1,1,-1;0,-1,0,-1;-1,0,0,1
1,0,0,0;0,1,1,-1;0,0,-1,-1;0,-1,1,1
1,0,0,0;0,1,1,-1;0,0,0,1;1,0,1,0
1,0,0,0;0,1,1,-1;1,-1,-1,1;0,-1,0,0
1,0,0,0;0,1,1,-1;1,0,0,0;0,-1,1,0
1,0,0,0;0,1,1,-1;1,1,-1,0;-1,-1,0,-1
1,0,0,0;0,1,1,-1;1,1,-1,0;-1,0,0,1
1,0,0,0;0,1,1,-1;2,0,-2,0;-1,0,-1,-2
1,0,0,0;0,1,1,0;-3,2,3,0;0,1,3,2
1,0,0,0;0,1,1,0;0,1,0,0;-1,-1,1,-1
1,0,0,0;0,1,1,0;1,0,0,0;-1,0,1,1
1,0,0,0;0,1,1,0;1,1,0,0;1,0,1,1
1,0,0,0;0,1,1,1;-2,-1,2,1;1,-1,2,0
1,0,0,0;0,1,1,1;0,-1,0,0;-1,-1,-1,-1
1,0,0,0;0,1,1,1;0,0,0,1;0,1,0,0
1,0,0,0;0,1,1,1;1,-1,1,1;0,0,1,1
1,0,0,0;0,1,1,1;1,0,-1,0;1,1,-1,-1
1,0,0,0;0,1,1,3;-3,-5,-4,2;1,5,-2,1
1,0,0,0;0,1,2,-2;0,-1,2,-2;1,-1,-2,-2
1,0,0,0;0,1,2,-2;2,-1,1,2;2,-1,2,-2
1,0,0,0;0,1,2,0;-1,0,1,-2;1,2,2,-1
1,0,0,0;0,1,2,1;-2,-1,1,1;-2,2,2,0
1,0,0,0;0,1,2,1;-3,1,3,1;1,-2,0,-1
1,0,0,0;0,1,5,-1;-5,1,5,3;0,1,2,0
1,0,0,0;0,18,10,6;3,-14,-6,4;6,6,-4,-15
1,0,0,0;0,18,11,10;3,-14,-2,6;5,6,-3,-14
1,0,0,0;0,18,11,10;3,-17,-2,2;6,2,-2,-16
1,0,0,0;0,18,11,7;5,-17,-5,4;6,5,-2,-14
1,0,0,0;0,18,11,8;5,-18,-6,2;3,6,-3,-18
1,0,0,0;0,18,12,7;2,-17,-2,6;2,3,-6,-14
1,0,0,0;0,18,12,7;3,-17,-6,3;4,6,-5,-14
1,0,0,0;0,18,12,9;6,-17,-5,2;6,3,-5,-14
1,0,0,0;0,18,13,8;5,-18,-5,4;2,2,-4,-17
1,0,0,0;0,18,13,9;3,-16,-2,5;2,3,-4,-14
1,0,0,0;0,18,14,7;5,-18,-4,4;4,2,-6,-16
1,0,0,0;0,18,14,7;6,-17,-5,3;3,4,-3,-14
1,0,0,0;0,18,14,8;5,-16,-6,3;5,2,-4,-18
1,0,0,0;0,18,14,9;2,-17,-2,3;2,3,-6,-16
1,0,0,0;0,18,14,9;3,-16,-4,6;3,2,-5,-16
1,0,0,0;0,19,10,7;2,-17,-4,6;2,3,-2,-14
1,0,0,0;0,19,10,7;5,-18,-5,4;4,2,-4,-15
1,0,0,0;0,19,10,8;4,-16,-4,4;6,5,-4,-15
1,0,0,0;0,19,10,8;4,-17,-5,4;5,3,-4,-15
1,0,0,0;0,19,10,8;5,-17,-3,2;2,2,-6,-18
1,0,0,0;0,19,11,6;6,-14,-6,5;3,3,-5,-15
1,0,0,0;0,19,11,7;3,-17,-4,5;5,5,-5,-17
1,0,0,0;0,19,11,9;3,-18,-4,2;5,6,-5,-17
1,0,0,0;0,19,12,6;5,-14,-5,3;5,2,-5,-16
1,0,0,0;0,19,12,6;5,-16,-5,5;5,3,-5,-18
1,0,0,0;0,19,12,7;6,-17,-5,3;5,3,-6,-18
1,0,0,0;0,19,13,10;4,-15,-4,4;5,4,-6,-14
1,0,0,0;0,19,13,9;3,-17,-6,6;5,5,-6,-18
1,0,0,0;0,19,13,9;5,-18,-6,2;5,5,-3,-15
1,0,0,0;0,19,14,8;3,-15,-2,5;6,3,-6,-16
1,0,0,0;0,2,-1,2;0,1,0,2;-2,-1,-1,0
1,0,0,0;0,2,-2,-1;-1,-2,1,1;0,-1,0,2
1,0,0,0;0,2,-2,-1;-2,2,-5,3;-3,4,5,-2
1,0,0,0;0,2,-2,2;-1,0,0,-2;-2,-2,0,2
1,0,0,0;0,2,-3,-2;-2,1,-1,-5;-4,-2,4,-1
1,0,0,0;0,2,0,-1;0,2,-1,-2;2,1,0,1
1,0,0,0;0,2,0,-1;0,2,2,0;0,2,0,2
1,0,0,0;0,2,0,1;-1,2,0,1;1,-2,-1,2
1,0,0,0;0,2,1,-2;0,-1,1,-2;2,1,2,0
1,0,0,0;0,2,1,0;1,2,1,-1;2,2,2,-1
1,0,0,0;0,2,1,0;2,-1,-2,2;-1,-2,-1,0
1,0,0,0;0,2,1,2;0,-1,1,1;0,-1,-2,-2
1,0,0,0;0,2,1,2;2,-1,1,-1;-1,1,1,0
1,0,0,0;0,2,2,0;1,3,0,2;-3,-2,-2,-3
1,0,0,0;0,2,2,0;2,-2,1,2;-1,0,0,2
1,0,0,0;0,2,2,1;1,-2,3,-3;2,-3,-2,3
1,0,0,0;0,2,2,2;1,0,-1,0;-1,0,0,0
1,0,0,0;0,2,3,-1;-2,-2,1,0;3,-2,0,0
1,0,0,0;0,20,11,10;5,-17,-5,4;6,4,-2,-14
1,0,0,0;0,20,11,7;4,-17,-5,6;6,4,-5,-14
1,0,0,0;0,20,11,8;2,-17,-6,3;3,3,-2,-18
1,0,0,0;0,20,12,10;6,-16,-5,2;5,3,-3,-14
1,0,0,0;0,20,13,10;6,-14,-3,4;2,5,-3,-15
1,0,0,0;0,20,13,8;3,-15,-3,3;5,4,-4,-15
1,0,0,0;0,20,14,8;4,-14,-3,6;2,4,-5,-16
1,0,0,0;0,20,14,9;2,-15,-5,2;5,6,-2,-16
1,0,0,0;0,21,10,6;2,-18,-6,6;3,2,-5,-15
1,0,0,0;0,21,11,10;2,-17,-5,5;5,5,-6,-18
1,0,0,0;0,21,12,6;6,-16,-6,3;4,5,-3,-17
1,0,0,0;0,21,12,7;6,-14,-6,6;5,3,-4,-17
1,0,0,0;0,21,12,8;4,-14,-6,5;2,2,-6,-17
1,0,0,0;0,21,12,9;4,-16,-5,6;5,3,-4,-15
1,0,0,0;0,21,13,6;3,-18,-5,3;4,5,-5,-18
1,0,0,0;0,21,13,6;5,-16,-2,6;4,5,-2,-18
1,0,0,0;0,21,13,8;2,-14,-4,5;6,5,-5,-17
1,0,0,0;0,21,14,8;2,-16,-2,5;4,5,-6,-18
1,0,0,0;0,21,14,9;5,-14,-2,4;5,6,-3,-16
1,0,0,0;0,22,11,6;4,-14,-4,6;3,4,-6,-15
1,0,0,0;0,22,11,8;3,-15,-6,2;2,4,-2,-15
1,0,0,0;0,22,11,8;3,-15,-6,4;2,6,-5,-18
1,0,0,0;0,22,12,10;6,-15,-2,6;5,5,-3,-16
1,0,0,0;0,22,12,6;2,-15,-5,5;4,3,-2,-15
1,0,0,0;0,22,12,7;4,-18,-6,4;5,2,-2,-14
1,0,0,0;0,22,12,8;3,-14,-2,5;4,2,-4,-16
1,0,0,0;0,22,12,9;2,-15,-4,5;5,5,-5,-18
1,0,0,0;0,22,12,9;5,-16,-6,2;4,6,-2,-18
1,0,0,0;0,22,13,7;6,-16,-2,3;6,3,-3,-17
1,0,0,0;0,22,13,9;5,-15,-5,4;4,5,-3,-18
1,0,0,0;0,22,14,10;5,-18,-2,5;6,4,-2,-18
1,0,0,0;0,22,14,6;5,-14,-3,3;5,2,-2,-14
1,0,0,0;0,22,14,7;6,-17,-3,6;2,3,-5,-14
1,0,0,0;0,22,14,9;3,-16,-5,4;5,5,-5,-18
1,0,0,0;0,22,14,9;4,-15,-3,6;3,3,-5,-14
1,0,0,0;0,3,-1,0;2,2,-1,-2;-2,-1,-1,-2
1,0,0,0;0,3,-2,1;-2,-1,-3,1;-3,2,0,-2
1,0,0,0;0,3,-4,-3;-1,-5,5,2;-1,2,3,4
1,0,0,0;0,3,-4,3;-4,-4,0,-4;-4,1,4,-4
1,0,0,0;0,3,0,1;2,0,5,5;-4,4,2,-3
1,0,0,0;0,3,0,2;1,2,3,-3;3,3,2,-3
1,0,0,0;0,3,1,1;-1,-3,-3,2;2,0,-3,-3
1,0,0,0;0,3,2,1;-1,-4,-2,-1;1,2,-3,-4
1,0,0,0;0,3,2,2;3,-5,0,3;3,-1,-3,-2
1,0,0,0;0,3,2,3;0,-2,0,2;2,1,1,-5
1,0,0,0;0,3,2,4;-1,-5,1,2;0,1,0,-2
1,0,0,0;0,3,3,-4;3,2,5,2;3,4,2,-3
1,0,0,0;0,3,3,0;-1,-4,-2,0;0,2,-1,-6
1,0,0,0;0,3,3,0;0,-6,1,2;3,3,-2,-6
1,0,0,0;0,3,3,1;0,3,1,2;2,1,2,1
1,0,0,0;0,3,4,0;-1,-5,-2,-1;-1,0,-1,-4
1,0,0,0;0,3,4,1;3,-4,0,-1;0,1,-3,-5
1,0,0,0;0,3,4,4;2,-5,-1,1;3,3,-3,-5
1,0,0,0;0,3,4,4;3,-6,1,0;2,-1,-2,-3
1,0,0,0;0,3,5,0;2,-5,-3,3;2,1,0,-6
1,0,0,0;0,3,5,3;1,-6,1,3;1,-1,-2,-6
1,0,0,0;0,318,190,127;62,-257,-64,63;66,64,-66,-257
1,0,0,0;0,318,190,127;63,-257,-66,66;66,62,-66,-255
1,0,0,0;0,318,190,127;66,-255,-66,64;63,62,-65,-256
1,0,0,0;0,318,191,127;63,-255,-62,65;62,66,-65,-256
1,0,0,0;0,318,191,127;65,-254,-62,65;66,62,-63,-255
1,0,0,0;0,318,191,128;64,-257,-63,64;62,62,-65,-254
1,0,0,0;0,318,192,126;64,-255,-66,62;63,63,-62,-256
1,0,0,0;0,318,193,129;62,-257,-65,63;63,64,-64,-258
1,0,0,0;0,318,193,130;64,-257,-66,62;63,63,-65,-254
1,0,0,0;0,318,193,130;66,-254,-63,64;62,63,-65,-256
1,0,0,0;0,318,194,126;63,-258,-65,66;64,66,-64,-255
1,0,0,0;0,318,194,126;64,-255,-65,64;66,62,-63,-257
1,0,0,0;0,318,194,126;66,-258,-63,63;63,64,-65,-258
1,0,0,0;0,318,194,126;66,-258,-63,66;62,66,-64,-258
1,0,0,0;0,318,194,127;64,-254,-64,64;64,63,-64,-255
1,0,0,0;0,318,194,128;66,-257,-65,64;66,64,-64,-255
1,0,0,0;0,318,194,129;64,-254,-66,66;64,65,-66,-254
1,0,0,0;0,318,194,130;62,-257,-62,65;63,62,-66,-258
1,0,0,0;0,319,190,128;62,-256,-62,64;63,62,-65,-256
1,0,0,0;0,319,190,130;66,-256,-63,64;65,64,-62,-258
1,0,0,0;0,319,191,127;62,-255,-63,65;65,66,-64,-257
1,0,0,0;0,319,191,128;63,-256,-65,66;64,64,-64,-258
1,0,0,0;0,319,191,129;65,-255,-64,62;66,62,-66,-256
1,0,0,0;0,319,192,127;62,-258,-66,65;65,62,-65,-255
1,0,0,0;0,319,192,128;62,-256,-66,65;63,63,-64,-254
1,0,0,0;0,319,193,126;64,-254,-66,64;63,62,-66,-256
1,0,0,0;0,319,193,126;66,-256,-62,65;66,66,-62,-256
1,0,0,0;0,319,193,128;66,-254,-64,62;65,65,-62,-254
1,0,0,0;0,319,193,128;66,-254,-65,63;66,66,-65,-258
1,0,0,0;0,319,194,126;63,-254,-65,62;65,63,-64,-255
1,0,0,0;0,320,190,126;66,-254,-66,63;66,63,-62,-255
1,0,0,0;0,320,190,129;63,-258,-63,64;65,63,-63,-254
1,0,0,0;0,320,191,127;62,-255,-65,65;65,66,-62,-256
1,0,0,0;0,320,191,129;64,-254,-64,63;63,64,-66,-257
1,0,0,0;0,320,193,130;62,-255,-66,63;63,64,-64,-254
1,0,0,0;0,320,194,127;62,-255,-65,64;63,66,-66,-254
1,0,0,0;0,320,194,130;66,-254,-65,62;66,62,-65,-255
1,0,0,0;0,321,190,126;66,-258,-66,63;64,62,-64,-258
1,0,0,0;0,321,190,128;63,-254,-65,62;64,63,-66,-257
1,0,0,0;0,321,190,129;64,-254,-66,62;66,65,-65,-255
1,0,0,0;0,321,193,127;64,-258,-66,62;62,65,-64,-258
1,0,0,0;0,321,193,127;66,-256,-62,64;62,64,-66,-255
1,0,0,0;0,321,193,128;62,-257,-63,66;64,65,-63,-255
1,0,0,0;0,321,193,128;66,-258,-64,63;65,65,-63,-257
1,0,0,0;0,321,193,129;62,-257,-63,66;62,63,-64,-256
1,0,0,0;0,321,193,130;62,-258,-63,63;66,63,-63,-255
1,0,0,0;0,321,193,130;65,-255,-62,62;62,64,-65,-256
1,0,0,0;0,321,193,130;65,-255,-63,66;63,66,-66,-258
1,0,0,0;0,321,194,129;62,-256,-66,66;64,66,-64,-257
1,0,0,0;0,321,194,130;62,-255,-63,65;66,65,-62,-254
1,0,0,0;0,321,194,130;62,-256,-66,63;63,64,-65,-258
1,0,0,0;0,322,190,127;65,-255,-63,66;64,64,-65,-254
1,0,0,0;0,322,190,129;65,-257,-62,63;62,62,-66,-257
1,0,0,0;0,322,191,126;66,-257,-64,62;66,64,-64,-255
1,0,0,0;0,322,191,127;62,-254,-63,62;66,62,-65,-258
1,0,0,0;0,322,191,130;62,-255,-64,65;64,62,-62,-257
1,0,0,0;0,322,191,130;63,-254,-66,63;65,64,-65,-255
1,0,0,0;0,322,191,130;66,-256,-65,64;63,62,-66,-255
1,0,0,0;0,322,192,126;65,-256,-63,66;64,65,-66,-258
1,0,0,0;0,322,192,129;63,-255,-64,66;64,63,-64,-258
1,0,0,0;0,322,192,130;64,-256,-63,65;65,65,-66,-258
1,0,0,0;0,322,193,128;62,-256,-64,65;66,64,-65,-257
1,0,0,0;0,322,193,128;66,-254,-64,65;66,62,-62,-258
1,0,0,0;0,322,193,129;63,-255,-63,65;63,62,-65,-254
1,0,0,0;0,322,194,126;62,-258,-63,63;64,64,-64,-255
1,0,0,0;0,322,194,126;65,-258,-66,66;66,65,-66,-255
1,0,0,0;0,322,194,127;66,-258,-66,64;64,63,-63,-258
1,0,0,0;0,322,194,128;65,-256,-64,63;64,64,-64,-257
1,0,0,0;0,322,194,130;64,-257,-64,64;62,65,-62,-255
1,0,0,0;0,4,-3,4;3,0,4,3;0,0,4,3
1,0,0,0;0,4,-4,-1;1,2,-1,5;1,3,-3,4
1,0,0,0;0,4,-4,-3;-3,-1,4,3;5,-3,-4,2
1,0,0,0;0,4,1,0;1,-2,0,3;-1,0,-1,-4
1,0,0,0;0,4,1,3;0,-3,0,-1;3,1,0,-4
1,0,0,0;0,4,2,3;3,-3,-1,3;1,2,0,-5
1,0,0,0;0,4,2,4;-1,-5,1,3;-1,0,0,-4
1,0,0,0;0,4,3,3;0,-4,-3,0;0,-1,-3,-4
1,0,0,0;0,4,3,3;1,-6,-1,1;-1,3,-2,-6
1,0,0,0;0,4,3,3;3,-6,-1,-1;2,2,1,-6
1,0,0,0;0,4,3,4;3,-4,-1,3;3,2,-3,-6
1,0,0,0;0,4,4,3;2,-2,-2,2;2,2,0,-2
1,0,0,0;0,4,4,4;3,-3,-1,3;2,1,-2,-6
1,0,0,0;0,4,5,0;-1,-4,0,1;2,3,-3,-4
1,0,0,0;0,4,5,1;1,-2,0,1;3,-1,1,-2
1,0,0,0;0,5,-2,4;-4,3,4,-1;4,5,-1,3
1,0,0,0;0,5,1,1;2,-5,-1,2;3,-1,-2,-5
1,0,0,0;0,5,2,0;1,-2,-3,-1;0,3,-2,-6
1,0,0,0;0,5,2,3;-1,-2,-2,1;-1,0,1,-5
1,0,0,0;0,5,2,3;-1,-4,-3,2;3,3,-3,-3
1,0,0,0;0,5,2,4;0,-6,0,-1;0,2,-3,-5
1,0,0,0;0,5,2,4;1,-3,-3,-1;3,-1,-2,-5
1,0,0,0;0,5,2,4;2,-6,-3,-1;0,0,-1,-4
1,0,0,0;0,5,3,0;2,-3,-1,3;0,-1,0,-6
1,0,0,0;0,5,3,0;3,-6,0,2;1,0,1,-3
1,0,0,0;0,5,3,3;-1,-4,0,2;0,2,-2,-5
1,0,0,0;0,5,3,3;2,-2,0,-1;0,2,-2,-2
1,0,0,0;0,5,3,3;3,-4,1,2;1,2,0,-6
1,0,0,0;0,5,4,0;1,-3,-1,-1;-1,2,-2,-5
1,0,0,0;0,5,4,2;0,-2,-3,-1;0,2,-3,-2
1,0,0,0;0,5,4,2;2,-2,-2,2;3,3,0,-4
1,0,0,0;0,5,4,3;-1,-4,-2,1;-1,-1,0,-3
1,0,0,0;0,5,5,0;-1,-5,1,-1;1,1,1,-5
1,0,0,0;0,5,5,0;0,-4,-3,-1;3,-1,-1,-6
1,0,0,0;0,5,5,1;-1,-2,0,0;2,0,-1,-5
1,0,0,0;0,5,5,2;-1,-2,-3,3;0,3,-2,-3
1,0,0,0;0,5,5,4;1,-3,1,0;0,-1,0,-4
1,0,0,0;0,6,1,0;2,-3,-2,1;0,0,1,-4
1,0,0,0;0,6,1,2;-1,-4,-3,0;1,0,-1,-4
1,0,0,0;0,6,1,2;-1,-5,-2,1;1,0,-1,-5
1,0,0,0;0,6,1,3;0,-4,1,0;0,0,1,-5
1,0,0,0;0,6,1,4;1,-4,1,0;1,0,0,-6
1,0,0,0;0,6,2,2;1,-3,-3,0;1,3,1,-5
1,0,0,0;0,6,2,2;3,-6,-2,1;1,1,-2,-5
1,0,0,0;0,6,3,1;0,-3,0,1;-1,1,-3,-2
1,0,0,0;0,6,3,1;0,-6,0,1;2,0,-3,-4
1,0,0,0;0,6,3,3;3,-5,0,2;2,1,-1,-6
1,0,0,0;0,6,5,0;0,-2,-1,3;3,0,-1,-4
1,0,0,0;0,6,5,2;3,-5,-2,2;2,-1,-3,-6
1,0,0,0;0,6,5,3;0,-4,1,-1;1,1,1,-4
1,0,0,0;0,6,5,4;1,-5,-2,2;3,2,1,-4
1,0,0,0;0,7,1,0;-1,-5,-1,-1;3,3,0,-2
1,0,0,0;0,7,1,0;3,-4,1,1;2,2,1,-6
1,0,0,0;0,7,1,1;3,-4,1,2;0,2,0,-3
1,0,0,0;0,7,2,0;2,-4,-3,1;2,2,-2,-2
1,0,0,0;0,7,2,0;3,-4,-1,1;3,-1,-1,-4
1,0,0,0;0,7,2,0;3,-5,-1,1;1,-1,-3,-6
1,0,0,0;0,7,2,1;1,-6,-3,1;3,3,-3,-3
1,0,0,0;0,7,3,0;0,-5,1,1;2,3,-1,-3
1,0,0,0;0,7,3,0;2,-3,0,0;2,-1,-3,-5
1,0,0,0;0,7,3,1;0,-5,-3,1;3,3,1,-2
1,0,0,0;0,7,3,1;3,-5,-1,0;2,2,-1,-2
1,0,0,0;0,7,3,3;3,-2,-2,0;0,0,-3,-5
1,0,0,0;0,7,3,4;-1,-4,-3,0;1,-1,1,-2
1,0,0,0;0,7,3,4;0,-3,-2,1;1,-1,-3,-3
1,0,0,0;0,7,4,4;2,-6,1,0;0,-1,-2,-2
1,0,0,0;0,7,5,3;3,-2,-2,2;2,2,0,-6
1,0,0,0;0,78,46,30;16,-65,-18,15;15,16,-15,-65
1,0,0,0;0,78,46,32;16,-63,-14,18;17,15,-14,-66
1,0,0,0;0,78,47,30;14,-62,-15,17;15,15,-14,-63
1,0,0,0;0,78,47,31;18,-62,-17,18;15,17,-15,-64
1,0,0,0;0,78,47,32;18,-65,-17,14;15,14,-17,-66
1,0,0,0;0,78,47,34;18,-63,-15,17;15,14,-16,-63
1,0,0,0;0,78,48,30;18,-66,-16,18;16,15,-17,-64
1,0,0,0;0,78,48,31;16,-66,-15,17;14,14,-18,-62
1,0,0,0;0,78,48,32;17,-65,-16,15;14,15,-15,-62
1,0,0,0;0,78,48,34;16,-65,-18,15;14,14,-15,-65
1,0,0,0;0,78,48,34;18,-64,-14,17;17,18,-14,-65
1,0,0,0;0,78,49,34;15,-65,-14,14;15,14,-18,-62
1,0,0,0;0,78,50,30;17,-63,-16,18;17,14,-15,-64
1,0,0,0;0,78,50,34;14,-66,-16,16;15,17,-16,-62
1,0,0,0;0,79,46,30;15,-66,-16,14;18,15,-16,-62
1,0,0,0;0,79,46,30;17,-65,-17,18;15,16,-18,-66
1,0,0,0;0,79,46,34;16,-62,-14,14;17,16,-14,-66
1,0,0,0;0,79,47,31;16,-63,-14,17;18,14,-14,-62
1,0,0,0;0,79,47,31;18,-64,-14,17;17,18,-15,-65
1,0,0,0;0,79,47,32;14,-66,-15,18;15,17,-17,-65
1,0,0,0;0,79,48,31;15,-63,-17,18;16,14,-18,-66
1,0,0,0;0,79,48,31;18,-64,-16,15;14,14,-18,-62
1,0,0,0;0,79,48,34;18,-63,-17,16;17,15,-15,-62
1,0,0,0;0,79,49,30;17,-64,-14,17;18,17,-16,-64
1,0,0,0;0,79,49,33;14,-64,-17,14;15,16,-14,-63
1,0,0,0;0,79,49,33;15,-65,-16,18;14,18,-14,-66
1,0,0,0;0,79,49,33;16,-65,-15,15;14,15,-16,-62
1,0,0,0;0,79,50,30;15,-64,-18,17;14,17,-14,-62
1,0,0,0;0,79,50,30;17,-62,-15,18;18,18,-16,-63
1,0,0,0;0,79,50,30;18,-64,-18,17;17,18,-14,-66
1,0,0,0;0,79,50,31;15,-62,-16,15;14,15,-16,-64
1,0,0,0;0,79,50,31;18,-63,-14,16;17,18,-16,-66
1,0,0,0;0,79,50,32;18,-65,-14,17;18,17,-17,-63
1,0,0,0;0,79,50,33;14,-63,-15,17;16,15,-18,-63
1,0,0,0;0,79,50,34;14,-64,-17,18;17,18,-18,-65
1,0,0,0;0,79,50,34;16,-65,-15,16;15,18,-16,-66
1,0,0,0;0,80,46,30;17,-64,-15,16;18,14,-16,-63
1,0,0,0;0,80,46,33;14,-64,-14,18;17,17,-14,-63
1,0,0,0;0,80,46,34;14,-64,-14,15;15,16,-18,-65
1,0,0,0;0,80,46,34;15,-64,-17,17;15,18,-17,-62
1,0,0,0;0,80,46,34;15,-64,-18,14;16,18,-16,-65
1,0,0,0;0,80,47,31;16,-66,-14,17;14,14,-14,-65
1,0,0,0;0,80,47,31;16,-66,-16,15;15,14,-15,-66
1,0,0,0;0,80,47,31;18,-66,-14,16;14,14,-16,-63
1,0,0,0;0,80,47,32;15,-64,-18,16;14,14,-15,-66
1,0,0,0;0,80,47,34;15,-66,-16,18;16,17,-17,-64
1,0,0,0;0,80,48,30;18,-63,-14,16;16,15,-16,-62
1,0,0,0;0,80,48,34;15,-62,-15,14;15,18,-16,-62
1,0,0,0;0,80,50,30;15,-65,-15,14;15,18,-16,-62
1,0,0,0;0,80,50,30;17,-66,-15,18;18,15,-15,-64
1,0,0,0;0,80,50,34;15,-65,-15,14;18,17,-16,-62
1,0,0,0;0,81,46,33;17,-65,-17,16;15,17,-17,-63
1,0,0,0;0,81,46,34;16,-66,-16,18;16,18,-18,-66
1,0,0,0;0,81,48,33;17,-66,-14,16;16,14,-16,-63
1,0,0,0;0,81,49,33;15,-66,-15,15;17,17,-18,-63
1,0,0,0;0,81,50,32;18,-64,-17,14;17,15,-14,-64
1,0,0,0;0,81,50,33;16,-64,-16,14;18,18,-14,-62
1,0,0,0;0,82,46,30;14,-64,-15,18;14,14,-15,-66
1,0,0,0;0,82,46,30;18,-63,-16,15;18,18,-17,-66
1,0,0,0;0,82,46,31;15,-64,-15,16;18,14,-14,-64
1,0,0,0;0,82,46,32;15,-62,-14,16;14,18,-18,-64
1,0,0,0;0,82,46,33;14,-62,-16,16;17,18,-17,-66
1,0,0,0;0,82,47,30;17,-64,-17,15;17,18,-16,-64
1,0,0,0;0,82,47,30;18,-63,-17,14;16,16,-18,-66
1,0,0,0;0,82,47,30;18,-64,-18,14;17,18,-16,-63
1,0,0,0;0,82,47,30;18,-65,-18,16;15,16,-16,-66
1,0,0,0;0,82,47,32;15,-62,-14,14;15,15,-16,-63
1,0,0,0;0,82,47,33;15,-66,-16,18;17,15,-14,-66
1,0,0,0;0,82,47,34;17,-66,-17,18;16,17,-18,-62
1,0,0,0;0,82,48,30;16,-66,-18,16;17,16,-17,-63
1,0,0,0;0,82,48,32;17,-62,-17,17;15,16,-18,-62
1,0,0,0;0,82,48,33;17,-66,-15,17;18,14,-14,-64
1,0,0,0;0,82,49,33;16,-64,-18,16;18,17,-16,-65
1,0,0,0;0,82,49,33;17,-66,-15,14;18,17,-18,-65
1,0,0,0;0,82,49,34;14,-66,-18,16;14,18,-15,-65
1,0,0,0;0,82,50,31;16,-65,-15,15;17,14,-16,-64
1,0,0,0;0,82,50,32;17,-63,-18,16;14,15,-17,-63
1,0,0,0;0,82,50,32;18,-66,-17,18;17,16,-14,-62
1,0,0,0;0,82,50,33;17,-62,-15,14;17,15,-15,-65
1,0,0,0;1,-1,-1,-1;-1,-1,0,1;1,1,1,-1
1,0,0,0;1,-1,-1,-1;-1,1,0,1;1,1,1,0
1,0,0,0;1,-1,-1,-1;1,-1,1,-1;0,1,-1,-1
1,0,0,0;1,-1,-1,-1;1,3,-2,-2;-3,-2,1,3
1,0,0,0;1,-1,-1,-2;1,1,2,1;2,-1,-1,0
1,0,0,0;1,-1,-1,-3;-2,2,-2,0;-1,-2,-3,-1
1,0,0,0;1,-1,-1,0;-1,1,-1,0;-1,-1,1,1
1,0,0,0;1,-1,-1,0;1,-1,1,1;0,-1,-1,1
1,0,0,0;1,-1,-1,0;2,-2,0,-2;2,-2,0,0
1,0,0,0;1,-1,-1,0;2,1,2,0;1,0,-1,1
1,0,0,0;1,-1,-1,1;-1,-1,0,-1;0,-1,-1,-1
1,0,0,0;1,-1,-1,1;1,0,-1,-1;1,-1,1,0
1,0,0,0;1,-1,-1,1;1,0,-1,-1;1,1,0,0
1,0,0,0;1,-1,-2,-3;4,-1,-4,3;5,2,5,-1
1,0,0,0;1,-1,-2,1;2,-1,0,2;1,1,0,-2
1,0,0,0;1,-1,-2,5;-1,3,-3,-5;4,3,-4,-3
1,0,0,0;1,-1,-3,3;3,1,-3,0;0,-3,-1,-1
1,0,0,0;1,-1,0,-1;-1,-1,-1,0;-1,-1,1,1
1,0,0,0;1,-1,0,-1;-1,-1,0,-1;0,1,-1,1
1,0,0,0;1,-1,0,-1;-1,-1,1,0;-1,-1,1,-1
1,0,0,0;1,-1,0,-1;-1,0,-1,1;-1,0,0,0
1,0,0,0;1,-1,0,-1;-1,1,0,0;1,-1,0,-1
1,0,0,0;1,-1,0,-1;-2,1,0,1;-2,1,3,-2
1,0,0,0;1,-1,0,-2;-2,-2,2,-2;2,0,-1,-2
1,0,0,0;1,-1,0,0;-1,-1,-1,1;1,0,1,0
1,0,0,0;1,-1,0,0;-1,-1,1,-1;1,1,-1,0
1,0,0,0;1,-1,0,0;-1,0,-1,-1;-1,1,1,0
1,0,0,0;1,-1,0,0;-1,1,-1,1;0,1,1,-1
1,0,0,0;1,-1,0,0;0,1,0,1;0,-1,0,1
1,0,0,0;1,-1,0,0;4,0,6,0;5,0,0,-5
1,0,0,0;1,-1,0,0;5,1,0,0;6,0,0,1
1,0,0,0;1,-1,0,1;-1,2,1,-1;-2,1,2,2
1,0,0,0;1,-1,0,1;1,0,0,0;1,0,0,0
1,0,0,0;1,-1,1,-1;-1,1,0,-1;1,-1,0,1
1,0,0,0;1,-1,1,-1;0,-1,-1,-1;1,0,1,1
1,0,0,0;1,-1,1,-1;0,0,-1,-2;-1,1,-1,0
1,0,0,0;1,-1,1,-1;0,0,1,-1;0,-1,1,-1
1,0,0,0;1,-1,1,-1;0,1,0,1;1,1,-1,-1
1,0,0,0;1,-1,1,-1;1,0,-1,-1;0,-1,-1,-1
1,0,0,0;1,-1,1,-1;1,1,-1,0;1,0,1,-1
1,0,0,0;1,-1,1,0;-1,-1,0,0;-1,-1,0,0
1,0,0,0;1,-1,1,0;-1,1,1,1;1,0,0,1
1,0,0,0;1,-1,1,0;0,-1,-1,-1;1,-1,0,1
1,0,0,0;1,-1,1,0;1,-1,-1,1;-1,0,-1,1
1,0,0,0;1,-1,1,0;1,-1,0,1;-1,0,0,0
1,0,0,0;1,-1,1,0;1,1,-1,1;0,1,0,0
1,0,0,0;1,-1,1,0;1,1,0,0;1,0,0,1
1,0,0,0;1,-1,1,1;-1,0,0,-1;1,0,1,1
1,0,0,0;1,-1,1,1;-1,1,-1,0;0,-1,-1,1
1,0,0,0;1,-1,1,1;-1,1,1,0;0,-1,-1,0
1,0,0,0;1,-1,1,1;0,0,1,0;1,0,1,0
1,0,0,0;1,-1,1,1;1,0,0,1;-1,-1,-1,1
1,0,0,0;1,-1,2,-1;2,-2,-1,-1;2,0,-1,1
1,0,0,0;1,-1,2,1;-1,-1,2,-1;-2,2,1,-2
1,0,0,0;1,-1,2,1;-2,-2,-1,-1;-2,1,-2,-3
1,0,0,0;1,-1,2,1;1,0,0,-1;3,-2,1,2
1,0,0,0;1,-2,-1,-1;-2,-1,2,1;2,-1,1,0
1,0,0,0;1,-2,-1,-1;1,1,1,-2;2,1,-1,1
1,0,0,0;1,-2,-1,-3;0,-1,-2,1;1,-2,2,3
1,0,0,0;1,-2,-1,2;-1,-2,1,0;2,0,-1,2
1,0,0,0;1,-2,-1,2;-2,-2,2,-1;-2,-1,2,1
1,0,0,0;1,-2,-1,2;0,-1,1,0;1,0,-2,1
1,0,0,0;1,-2,-1,2;1,1,2,-2;-2,-1,1,-2
1,0,0,0;1,-2,-1,3;-1,0,-1,3;3,1,-3,1
1,0,0,0;1,-2,-1,3;-5,-5,0,5;-3,-4,3,-5
1,0,0,0;1,-2,-2,-4;4,1,-3,-4;-1,-4,0,5
1,0,0,0;1,-2,-2,0;-1,2,-2,2;-2,1,1,0
1,0,0,0;1,-2,-3,0;1,-2,0,-1;-3,-2,-2,2
1,0,0,0;1,-2,0,-1;1,0,-1,1;-2,0,1,0
1,0,0,0;1,-2,0,-2;1,2,-1,-1;-2,-1,2,-2
1,0,0,0;1,-2,0,-2;2,2,-2,1;2,-1,-2,1
1,0,0,0;1,-2,0,0;-1,1,2,-2;-1,2,1,2
1,0,0,0;1,-2,0,0;0,-2,-2,1;1,-1,-2,0
1,0,0,0;1,-2,0,0;3,-1,0,2;3,1,1,3
1,0,0,0;1,-2,0,0;4,0,-6,0;1,0,3,0
1,0,0,0;1,-2,0,0;4,0,0,-6;5,0,0,-2
1,0,0,0;1,-2,0,0;5,0,0,-3;4,0,4,0
1,0,0,0;1,-2,0,1;-1,-2,0,-2;1,0,-1,-1
1,0,0,0;1,-2,1,-1;-2,0,0,2;2,-2,-2,1
1,0,0,0;1,-2,1,-1;0,-3,-1,2;-2,-2,2,-4
1,0,0,0;1,-2,1,-2;0,-1,-1,-1;-1,-2,-2,-2
1,0,0,0;1,-2,1,-2;0,3,-3,0;0,-2,-3,-1
1,0,0,0;1,-2,1,1;2,1,2,0;-1,-1,0,-1
1,0,0,0;1,-2,2,0;0,-2,2,2;1,2,-2,2
1,0,0,0;1,-2,2,2;-2,-2,-2,-2;-2,-1,2,-2
1,0,0,0;1,-22,-41,-27;-48,-47,52,-30;-46,-41,3,-26
1,0,0,0;1,-3,-1,-1;3,-2,3,3;-2,-3,3,-1
1,0,0,0;1,-3,-2,-2;1,-2,-3,-3;2,0,-3,1
1,0,0,0;1,-3,0,0;3,6,0,0;5,0,-3,0
1,0,0,0;1,-3,1,-2;2,-1,3,-3;2,1,1,-3
1,0,0,0;1,-3,3,-1;-2,0,0,1;-1,3,0,-1
1,0,0,0;1,-3,3,-3;-2,-1,-3,-3;0,0,-2,3
1,0,0,0;1,-4,0,0;6,-5,0,0;4,0,5,0
1,0,0,0;1,-4,2,1;-4,-2,1,-5;4,3,-1,5
1,0,0,0;1,-4,3,4;-3,-5,-5,0;-2,5,5,4
1,0,0,0;1,-43,-57,-23;-9,39,34,-8;-34,-27,47,-18
1,0,0,0;1,-5,3,-2;1,-3,5,-3;0,5,-2,-4
1,0,0,0;1,-6,0,0;6,-1,0,0;5,3,0,0
1,0,0,0;1,0,-1,-1;-1,1,1,-2;-2,-1,1,-2
1,0,0,0;1,0,-1,-1;0,1,-1,1;-1,-1,-1,-1
1,0,0,0;1,0,-1,-2;1,2,2,0;2,0,0,0
1,0,0,0;1,0,-1,0;-1,-1,-1,0;-1,0,1,0
1,0,0,0;1,0,-1,0;-1,-1,0,0;-1,1,0,0
1,0,0,0;1,0,-1,0;-1,-1,1,1;0,0,0,-1
1,0,0,0;1,0,-1,0;-1,0,-1,-1;0,0,0,-1
1,0,0,0;1,0,-1,0;-1,1,1,-1;-1,1,0,-1
1,0,0,0;1,0,-1,0;0,1,1,1;1,0,-1,1
1,0,0,0;1,0,-1,0;1,0,-1,0;0,-1,-1,0
1,0,0,0;1,0,-1,0;1,0,0,-1;1,-1,1,1
1,0,0,0;1,0,-1,0;3,0,0,-1;3,0,0,6
1,0,0,0;1,0,-1,0;3,0,0,0;3,-4,0,0
1,0,0,0;1,0,-1,0;5,2,0,0;1,-2,0,0
1,0,0,0;1,0,-1,0;6,0,0,-6;6,1,0,0
1,0,0,0;1,0,-1,1;-1,-3,-3,0;-1,1,3,-2
1,0,0,0;1,0,-1,1;-1,0,-1,1;-1,0,1,1
1,0,0,0;1,0,-1,1;0,-1,-1,-1;0,-1,-1,0
1,0,0,0;1,0,-1,1;1,-1,-1,-1;1,1,-1,1
1,0,0,0;1,0,-1,1;1,1,-1,0;-1,0,-1,-1
1,0,0,0;1,0,-1,2;-2,-2,2,0;1,0,0,-1
1,0,0,0;1,0,-2,-1;-1,2,0,-3;2,0,-2,3
1,0,0,0;1,0,-2,-1;0,-2,-2,-1;2,0,1,0
1,0,0,0;1,0,-2,0;1,-4,0,0;6,0,0,-1
1,0,0,0;1,0,-2,0;3,0,0,0;6,5,0,0
1,0,0,0;1,0,-2,0;5,0,-3,0;2,-1,0,0
1,0,0,0;1,0,-2,0;6,0,0,6;5,-5,0,0
1,0,0,0;1,0,-2,1;2,-1,0,-2;0,-1,-1,0
1,0,0,0;1,0,-2,2;1,-1,0,-2;2,0,2,-2
1,0,0,0;1,0,-3,-1;5,-2,-5,-5;2,-3,-1,1
1,0,0,0;1,0,-3,-3;-3,3,1,-3;-1,-1,0,0
1,0,0,0;1,0,-3,0;2,0,0,0;6,0,0,3
1,0,0,0;1,0,-4,0;1,0,0,2;4,0,0,-4
1,0,0,0;1,0,-4,0;5,0,5,0;3,0,0,-3
1,0,0,0;1,0,-5,0;1,0,0,-3;1,0,1,0
1,0,0,0;1,0,-5,0;2,0,-3,0;4,0,0,-6
1,0,0,0;1,0,-6,0;4,-6,0,0;4,0,0,4
1,0,0,0;1,0,-6,0;4,0,0,0;6,0,0,4
1,0,0,0;1,0,0,-1;-1,0,0,1;1,0,-1,1
1,0,0,0;1,0,0,-1;-1,1,-1,1;1,0,0,-1
1,0,0,0;1,0,0,-1;-1,1,0,-1;-1,-1,0,1
1,0,0,0;1,0,0,-1;0,0,1,1;0,1,1,-1
1,0,0,0;1,0,0,-1;0,1,0,1;0,-1,0,-1
1,0,0,0;1,0,0,-1;1,0,0,0;1,0,0,0
1,0,0,0;1,0,0,-1;2,2,1,1;-2,-1,-1,-2
1,0,0,0;1,0,0,-2;-2,2,2,-2;-2,-2,-2,-1
1,0,0,0;1,0,0,-2;0,2,2,2;-2,1,2,0
1,0,0,0;1,0,0,-2;1,0,0,-6;5,0,0,-3
1,0,0,0;1,0,0,-2;1,0,0,3;3,0,2,0
1,0,0,0;1,0,0,-2;1,3,0,3;-2,-3,0,-1
1,0,0,0;1,0,0,-2;2,0,-4,0;4,0,2,0
1,0,0,0;1,0,0,-6;1,0,0,-6;6,0,6,0
1,0,0,0;1,0,0,-6;4,0,0,5;6,0,5,0
1,0,0,0;1,0,0,0;-1,0,0,-1;1,0,-1,0
1,0,0,0;1,0,0,0;-1,0,0,0;1,0,0,-1
1,0,0,0;1,0,0,0;-1,1,-1,0;-1,-1,1,-1
1,0,0,0;1,0,0,0;0,0,-1,-1;0,1,0,-1
1,0,0,0;1,0,0,0;1,-1,0,-1;0,1,1,1
1,0,0,0;1,0,0,0;1,-1,1,-1;1,-1,-1,-1
1,0,0,0;1,0,0,0;1,0,-1,-1;1,1,0,0
1,0,0,0;1,0,0,0;4,0,3,0;5,0,-2,0
1,0,0,0;1,0,0,0;5,0,0,0;5,0,0,-6
1,0,0,0;1,0,0,0;6,0,4,0;6,0,0,-3
1,0,0,0;1,0,0,1;-1,0,0,-1;-1,1,-1,1
1,0,0,0;1,0,0,1;-1,1,1,0;0,0,0,-1
1,0,0,0;1,0,0,1;0,0,0,1;0,0,1,0
1,0,0,0;1,0,0,1;0,1,0,1;1,0,1,-1
1,0,0,0;1,0,0,2;1,0,2,1;-2,1,1,-1
1,0,0,0;1,0,0,3;1,-3,-3,-2;-2,3,0,-3
1,0,0,0;1,0,0,3;1,0,0,0;5,0,0,4
1,0,0,0;1,0,0,4;4,0,0,5;5,0,4,0
1,0,0,0;1,0,0,4;5,0,-4,0;5,0,0,4
1,0,0,0;1,0,0,4;6,0,-5,0;4,0,0,1
1,0,0,0;1,0,0,6;1,-1,0,0;2,0,0,-1
1,0,0,0;1,0,0,6;1,0,4,0;2,0,0,-3
1,0,0,0;1,0,0,6;5,0,0,3;5,0,-4,0
1,0,0,0;1,0,1,-1;-1,1,-1,-1;-1,1,1,-1
1,0,0,0;1,0,1,-1;1,-1,0,0;0,-1,-1,1
1,0,0,0;1,0,1,-1;2,0,-2,0;0,0,-2,-2
1,0,0,0;1,0,1,-2;-2,0,0,2;-3,1,-2,0
1,0,0,0;1,0,1,-2;0,-2,0,-1;-1,-2,-1,1
1,0,0,0;1,0,1,-2;1,-1,-1,0;-1,1,0,-2
1,0,0,0;1,0,1,0;-1,0,-1,1;1,1,0,1
1,0,0,0;1,0,1,0;0,1,0,0;-1,-1,-1,1
1,0,0,0;1,0,1,0;1,0,-1,-1;-1,1,1,-1
1,0,0,0;1,0,1,0;1,0,-1,-1;1,1,1,1
1,0,0,0;1,0,1,0;1,1,1,1;-1,0,-1,1
1,0,0,0;1,0,1,0;3,0,5,0;2,0,6,0
1,0,0,0;1,0,1,0;3,0,5,0;4,-2,0,0
1,0,0,0;1,0,1,1;1,0,0,0;-1,0,-1,-1
1,0,0,0;1,0,1,1;1,0,0,1;1,-1,0,0
1,0,0,0;1,0,1,1;1,0,1,1;-1,0,0,1
1,0,0,0;1,0,1,2;-1,1,0,-2;1,1,2,-1
1,0,0,0;1,0,2,-2;1,3,1,-2;0,-1,3,-1
1,0,0,0;1,0,2,1;-1,-1,2,-2;-1,-1,1,-1
1,0,0,0;1,0,2,1;-2,1,0,-2;1,1,1,1
1,0,0,0;1,0,2,1;0,1,1,-2;-1,-1,-1,-2
1,0,0,0;1,0,3,0;2,-2,0,0;1,0,3,0
1,0,0,0;1,0,4,0;6,0,0,-4;2,3,0,0
1,0,0,0;1,0,6,0;1,0,0,-3;6,0,0,2
1,0,0,0;1,0,6,0;3,-2,0,0;2,0,0,6
1,0,0,0;1,0,6,0;3,0,0,-1;6,-2,0,0
1,0,0,0;1,0,6,0;4,-5,0,0;4,5,0,0
1,0,0,0;1,1,-1,-1;-1,0,1,0;1,-1,1,1
1,0,0,0;1,1,-1,-1;1,-1,0,0;-1,0,0,-1
1,0,0,0;1,1,-1,-1;1,-1,1,1;-1,0,-1,-1
1,0,0,0;1,1,-1,0;-1,-1,0,1;0,0,-1,1
1,0,0,0;1,1,-1,0;-1,-1,1,1;0,-1,-1,0
1,0,0,0;1,1,-1,0;1,-1,0,-1;1,1,-1,1
1,0,0,0;1,1,-1,1;0,0,1,-1;1,1,1,1
1,0,0,0;1,1,-1,2;-1,-1,-2,-1;0,2,-2,0
1,0,0,0;1,1,-2,-2;-2,-3,3,-2;1,3,-2,-2
1,0,0,0;1,1,-3,-4;-4,-2,-3,5;3,4,-3,-2
1,0,0,0;1,1,0,-1;-1,-1,0,1;-1,-1,1,0
1,0,0,0;1,1,0,-1;-1,1,1,-1;0,0,-1,-1
1,0,0,0;1,1,0,-1;1,-1,-1,-1;0,-1,-1,1
1,0,0,0;1,1,0,-1;1,1,-1,0;1,1,0,1
1,0,0,0;1,1,0,-1;1,1,0,0;0,0,-1,0
1,0,0,0;1,1,0,-1;1,2,-2,-2;0,-2,-1,1
1,0,0,0;1,1,0,-1;3,1,0,2;2,1,3,3
1,0,0,0;1,1,0,0;0,0,-1,0;-1,1,1,0
1,0,0,0;1,1,0,0;0,0,0,1;-1,0,1,2
1,0,0,0;1,1,0,0;0,1,-1,-1;-1,0,1,-1
1,0,0,0;1,1,0,0;1,-1,0,1;0,1,1,-1
1,0,0,0;1,1,0,0;1,0,0,0;0,0,1,-1
1,0,0,0;1,1,0,0;1,0,1,0;-1,0,0,-1
1,0,0,0;1,1,0,0;3,0,6,0;6,0,-5,0
1,0,0,0;1,1,0,1;-1,0,-1,1;0,0,1,0
1,0,0,0;1,1,0,1;-1,0,0,0;0,-1,0,-1
1,0,0,0;1,1,0,1;0,-1,1,-1;-1,0,-1,1
1,0,0,0;1,1,0,1;0,0,-1,0;0,1,1,1
1,0,0,0;1,1,0,1;0,0,1,-1;1,-1,-1,0
1,0,0,0;1,1,0,1;0,1,0,0;-1,-1,-1,-1
1,0,0,0;1,1,0,1;0,1,0,1;1,-1,0,-1
1,0,0,0;1,1,0,1;0,1,1,-1;0,0,0,1
1,0,0,0;1,1,0,2;-1,0,0,2;-2,-2,1,0
1,0,0,0;1,1,1,-1;-2,-1,-1,1;-1,0,2,2
1,0,0,0;1,1,1,-2;-2,2,-2,1;1,-2,-2,2
1,0,0,0;1,1,1,-2;0,0,1,-1;1,2,1,-1
1,0,0,0;1,1,1,0;-1,-1,-1,-2;2,2,-2,2
1,0,0,0;1,1,1,0;-1,-2,0,2;1,-2,0,-2
1,0,0,0;1,1,1,0;-1,1,0,1;0,-2,0,-2
1,0,0,0;1,1,1,0;1,0,-1,-1;1,0,-1,-1
1,0,0,0;1,1,1,0;1,1,1,0;1,0,-1,0
1,0,0,0;1,1,1,1;0,1,1,1;-1,0,0,-1
1,0,0,0;1,1,1,1;1,0,1,-1;1,1,1,-1
1,0,0,0;1,1,2,-4;5,2,-3,-2;-4,-1,-2,5
1,0,0,0;1,1,2,0;2,-1,2,1;1,-1,1,2
1,0,0,0;1,1,2,2;1,-1,1,-1;1,-2,0,1
1,0,0,0;1,1,3,0;-5,-3,2,-2;4,5,-5,-5
1,0,0,0;1,1,3,4;-1,-5,-2,1;1,-2,-4,0
1,0,0,0;1,1,5,-2;5,-1,-5,-2;5,-2,4,-4
1,0,0,0;1,1,5,5;3,2,-2,-2;0,4,-1,5
1,0,0,0;1,18,10,8;3,-16,-4,4;6,4,-5,-14
1,0,0,0;1,18,10,8;6,-17,-2,5;2,3,-5,-16
1,0,0,0;1,18,11,10;5,-17,-6,2;5,2,-5,-17
1,0,0,0;1,18,11,10;5,-18,-5,5;3,3,-4,-17
1,0,0,0;1,18,11,6;2,-14,-3,3;6,3,-4,-17
1,0,0,0;1,18,11,7;3,-16,-6,6;4,4,-6,-16
1,0,0,0;1,18,12,10;4,-14,-6,3;6,5,-4,-17
1,0,0,0;1,18,12,6;2,-14,-2,3;6,6,-5,-14
1,0,0,0;1,18,12,8;4,-14,-4,3;2,6,-5,-15
1,0,0,0;1,18,13,7;4,-14,-4,4;5,2,-3,-15
1,0,0,0;1,18,13,9;4,-16,-5,5;2,3,-6,-16
1,0,0,0;1,18,13,9;6,-15,-5,2;4,6,-4,-14
1,0,0,0;1,18,14,7;3,-17,-6,3;6,3,-4,-18
1,0,0,0;1,19,10,6;3,-15,-3,2;4,3,-6,-14
1,0,0,0;1,19,10,6;4,-16,-3,5;5,2,-3,-14
1,0,0,0;1,19,10,8;3,-17,-4,2;5,2,-3,-18
1,0,0,0;1,19,10,8;5,-14,-6,6;5,6,-4,-15
1,0,0,0;1,19,11,7;4,-15,-2,6;3,3,-2,-14
1,0,0,0;1,19,11,9;4,-14,-2,6;2,4,-6,-16
1,0,0,0;1,19,11,9;5,-14,-2,2;2,2,-3,-16
1,0,0,0;1,19,12,7;2,-16,-6,6;4,2,-5,-16
1,0,0,0;1,19,13,8;3,-17,-4,6;5,6,-3,-15
1,0,0,0;1,19,14,8;5,-14,-3,3;4,5,-2,-18
1,0,0,0;1,19,14,8;5,-14,-4,6;5,5,-4,-18
1,0,0,0;1,2,-1,-2;2,1,1,0;2,2,-1,1
1,0,0,0;1,2,-1,0;-1,0,-2,1;0,2,0,1
1,0,0,0;1,2,-1,1;2,2,-2,0;2,-2,2,0
1,0,0,0;1,2,-1,2;-1,-2,1,0;-2,-2,-1,1
1,0,0,0;1,2,-1,2;1,-2,0,2;-2,0,-1,-2
1,0,0,0;1,2,-2,-1;-1,-2,0,-1;-2,-1,1,2
1,0,0,0;1,2,-2,-1;-2,-3,2,-2;3,1,-3,0
1,0,0,0;1,2,-2,-2;2,2,2,1;-1,-1,0,1
1,0,0,0;1,2,-3,-3;0,2,0,0;-2,1,-1,-3
1,0,0,0;1,2,-3,3;-1,-3,-3,1;0,2,-3,2
1,0,0,0;1,2,-5,-5;1,1,-2,3;5,-1,2,-5
1,0,0,0;1,2,0,0;2,1,0,0;2,0,1,0
1,0,0,0;1,2,0,1;3,3,-2,3;0,-3,1,-2
1,0,0,0;1,2,0,2;-1,0,-2,1;-1,-1,0,1
1,0,0,0;1,2,0,2;-1,2,-1,1;-2,-1,2,0
1,0,0,0;1,2,0,2;1,-1,-2,-1;0,0,-1,1
1,0,0,0;1,2,0,3;-3,-1,3,1;0,3,0,-2
1,0,0,0;1,2,1,-1;-2,-3,-1,-1;-2,-3,-2,-1
1,0,0,0;1,2,1,-2;-2,1,2,-1;-2,2,-1,-2
1,0,0,0;1,2,1,2;1,1,2,2;-2,2,-1,1
1,0,0,0;1,2,2,-1;-2,-1,1,1;-1,-1,2,-2
1,0,0,0;1,2,2,-1;0,2,-2,1;2,1,1,0
1,0,0,0;1,2,2,-2;-2,-1,0,-2;-2,-2,0,1
1,0,0,0;1,2,2,0;-2,-2,1,-2;2,2,-1,2
1,0,0,0;1,2,2,1;-1,1,-3,5;1,-1,4,2
1,0,0,0;1,20,10,10;4,-16,-6,3;6,3,-6,-18
1,0,0,0;1,20,10,8;2,-17,-2,4;4,2,-6,-16
1,0,0,0;1,20,11,7;5,-14,-4,2;4,5,-4,-18
1,0,0,0;1,20,11,9;2,-18,-3,6;6,2,-3,-15
1,0,0,0;1,20,12,10;3,-14,-3,2;2,3,-6,-15
1,0,0,0;1,20,12,10;5,-16,-4,3;2,5,-5,-15
1,0,0,0;1,20,12,6;5,-17,-4,4;3,4,-2,-15
1,0,0,0;1,20,12,8;2,-14,-3,5;5,2,-3,-14
1,0,0,0;1,20,12,8;2,-16,-4,6;5,2,-2,-15
1,0,0,0;1,20,12,9;5,-15,-4,6;3,3,-6,-17
1,0,0,0;1,20,13,10;4,-15,-6,3;5,6,-5,-15
1,0,0,0;1,20,13,6;5,-14,-5,5;6,3,-6,-18
1,0,0,0;1,20,13,7;6,-16,-5,3;2,4,-4,-18
1,0,0,0;1,20,13,8;5,-16,-6,2;2,4,-2,-15
1,0,0,0;1,20,14,10;3,-17,-6,6;4,5,-5,-16
1,0,0,0;1,20,14,6;3,-15,-2,5;6,5,-2,-17
1,0,0,0;1,20,14,7;4,-15,-3,2;6,4,-6,-14
1,0,0,0;1,20,14,7;5,-17,-3,4;4,3,-3,-18
1,0,0,0;1,21,10,10;2,-15,-6,4;3,2,-2,-14
1,0,0,0;1,21,10,7;5,-14,-5,6;2,3,-4,-18
1,0,0,0;1,21,10,9;4,-15,-3,4;6,3,-6,-17
1,0,0,0;1,21,11,10;4,-15,-6,6;3,2,-6,-16
1,0,0,0;1,21,11,7;2,-15,-4,2;5,2,-6,-14
1,0,0,0;1,21,11,7;4,-16,-5,5;5,6,-5,-16
1,0,0,0;1,21,11,9;5,-14,-2,2;6,3,-2,-15
1,0,0,0;1,21,12,10;6,-16,-5,3;3,3,-2,-17
1,0,0,0;1,21,12,8;3,-14,-4,3;2,6,-6,-18
1,0,0,0;1,21,13,10;2,-14,-4,6;5,3,-3,-16
1,0,0,0;1,21,13,10;5,-14,-3,6;4,5,-5,-15
1,0,0,0;1,21,13,10;6,-16,-5,6;6,6,-4,-14
1,0,0,0;1,21,13,8;3,-17,-4,5;5,2,-3,-15
1,0,0,0;1,21,14,7;4,-16,-6,6;4,3,-3,-18
1,0,0,0;1,21,14,7;4,-18,-5,5;3,5,-5,-17
1,0,0,0;1,21,14,8;4,-14,-2,5;3,2,-5,-15
1,0,0,0;1,21,14,9;6,-15,-3,2;3,2,-3,-15
1,0,0,0;1,22,10,7;3,-16,-2,3;2,4,-5,-15
1,0,0,0;1,22,10,8;3,-17,-3,4;4,2,-3,-16
1,0,0,0;1,22,10,9;4,-15,-4,4;6,5,-6,-14
1,0,0,0;1,22,11,10;6,-17,-5,3;3,2,-2,-18
1,0,0,0;1,22,11,7;5,-17,-4,6;5,6,-4,-14
1,0,0,0;1,22,11,8;3,-17,-4,3;6,2,-4,-15
1,0,0,0;1,22,11,9;3,-17,-3,6;2,2,-6,-18
1,0,0,0;1,22,11,9;6,-15,-5,6;5,4,-6,-15
1,0,0,0;1,22,12,10;2,-15,-4,2;6,2,-3,-17
1,0,0,0;1,22,12,8;3,-18,-2,4;5,6,-2,-17
1,0,0,0;1,22,12,9;3,-18,-3,2;5,3,-6,-14
1,0,0,0;1,22,12,9;6,-18,-6,4;5,4,-6,-17
1,0,0,0;1,22,13,10;6,-17,-3,2;6,2,-2,-14
1,0,0,0;1,22,13,7;6,-15,-2,6;5,4,-2,-17
1,0,0,0;1,22,13,7;6,-16,-5,6;6,3,-6,-17
1,0,0,0;1,22,13,8;3,-18,-6,2;2,6,-3,-17
1,0,0,0;1,22,14,7;3,-15,-3,5;5,6,-2,-16
1,0,0,0;1,22,14,9;4,-18,-5,3;6,5,-2,-16
1,0,0,0;1,3,-2,0;1,-1,3,3;2,-3,-3,2
1,0,0,0;1,3,-3,-1;5,2,5,5;-3,-5,-2,-5
1,0,0,0;1,3,-3,-2;-3,1,0,1;3,-1,3,-2
1,0,0,0;1,3,-4,2;-5,1,4,5;1,-1,0,1
1,0,0,0;1,3,0,0;2,3,0,0;6,0,-1,0
1,0,0,0;1,3,0,1;0,-3,-2,2;3,0,1,1
1,0,0,0;1,3,1,-2;0,-1,-3,-1;1,-3,1,3
1,0,0,0;1,3,1,1;0,-2,-1,-1;0,3,-3,-4
1,0,0,0;1,3,1,2;3,-3,-3,-1;-1,1,-1,-2
1,0,0,0;1,3,1,3;1,-4,-2,2;-1,1,-2,-4
1,0,0,0;1,3,2,0;0,-5,-2,0;-1,1,1,-5
1,0,0,0;1,3,2,1;1,-3,-1,3;1,3,-1,-2
1,0,0,0;1,3,2,3;2,-2,0,1;0,3,-2,-5
1,0,0,0;1,3,2,4;-1,-5,1,2;1,-1,-1,-5
1,0,0,0;1,3,2,4;1,-6,1,0;-1,0,-2,-2
1,0,0,0;1,3,2,4;2,-6,-1,1;2,-1,-3,-2
1,0,0,0;1,3,3,0;1,-1,-4,2;-1,5,0,-2
1,0,0,0;1,3,3,0;3,-3,-3,-2;2,-2,-3,-3
1,0,0,0;1,3,3,1;2,-3,-3,-1;-1,-1,-1,-3
1,0,0,0;1,3,3,2;0,-1,-3,-1;2,-2,-3,-3
1,0,0,0;1,3,4,1;-1,-4,1,1;3,0,-2,-6
1,0,0,0;1,3,5,1;3,-4,0,1;0,-1,-3,-2
1,0,0,0;1,3,5,2;-1,-3,-3,0;-1,-1,-2,-2
1,0,0,0;1,3,5,4;1,-6,1,2;1,2,-2,-5
1,0,0,0;1,318,190,126;65,-256,-66,64;62,64,-63,-256
1,0,0,0;1,318,190,130;65,-256,-63,62;66,65,-63,-256
1,0,0,0;1,318,190,130;66,-257,-62,64;62,64,-63,-258
1,0,0,0;1,318,191,127;62,-256,-63,65;65,64,-62,-258
1,0,0,0;1,318,191,128;64,-258,-63,62;62,66,-63,-255
1,0,0,0;1,318,191,129;66,-254,-63,65;63,66,-62,-258
1,0,0,0;1,318,192,127;64,-255,-64,62;64,62,-66,-258
1,0,0,0;1,318,192,128;66,-254,-64,65;62,64,-63,-256
1,0,0,0;1,318,193,127;64,-254,-66,65;64,65,-64,-258
1,0,0,0;1,318,193,127;65,-257,-64,66;62,64,-64,-257
1,0,0,0;1,318,193,128;65,-254,-62,65;65,63,-65,-255
1,0,0,0;1,318,193,128;65,-258,-63,66;62,63,-62,-257
1,0,0,0;1,318,193,129;62,-254,-66,62;66,66,-63,-256
1,0,0,0;1,318,193,129;62,-257,-64,63;62,63,-65,-255
1,0,0,0;1,318,193,129;63,-254,-65,62;63,64,-63,-254
1,0,0,0;1,318,194,127;63,-256,-66,62;65,63,-65,-254
1,0,0,0;1,318,194,127;66,-255,-65,63;62,64,-66,-258
1,0,0,0;1,318,194,128;63,-258,-63,66;64,66,-65,-256
1,0,0,0;1,318,194,129;64,-255,-66,62;66,66,-65,-258
1,0,0,0;1,319,190,127;63,-258,-66,64;66,64,-66,-257
1,0,0,0;1,319,190,127;66,-256,-66,66;64,66,-64,-257
1,0,0,0;1,319,190,129;64,-258,-65,63;62,63,-66,-258
1,0,0,0;1,319,191,126;66,-257,-66,65;65,64,-63,-255
1,0,0,0;1,319,193,126;65,-255,-66,66;62,64,-62,-255
1,0,0,0;1,319,193,127;63,-258,-65,62;62,62,-66,-254
1,0,0,0;1,319,194,128;66,-258,-65,63;62,63,-62,-258
1,0,0,0;1,319,194,129;63,-257,-66,65;63,63,-62,-258
1,0,0,0;1,320,190,127;62,-255,-65,66;65,65,-64,-258
1,0,0,0;1,320,191,126;65,-255,-66,64;66,66,-64,-257
1,0,0,0;1,320,191,127;63,-255,-62,63;62,66,-65,-257
1,0,0,0;1,320,191,130;65,-254,-63,66;64,66,-65,-257
1,0,0,0;1,320,192,127;62,-258,-63,64;66,64,-63,-256
1,0,0,0;1,320,192,128;64,-257,-66,64;63,64,-62,-256
1,0,0,0;1,320,192,130;66,-257,-63,63;65,63,-65,-256
1,0,0,0;1,320,193,129;65,-257,-66,62;63,65,-64,-258
1,0,0,0;1,320,193,130;62,-257,-62,65;66,62,-66,-257
1,0,0,0;1,320,193,130;63,-255,-64,62;63,66,-64,-254
1,0,0,0;1,320,194,128;65,-255,-63,64;64,63,-66,-255
1,0,0,0;1,320,194,129;65,-257,-65,66;64,62,-62,-258
1,0,0,0;1,320,194,130;63,-256,-64,65;65,65,-63,-254
1,0,0,0;1,321,190,126;62,-256,-64,64;62,62,-63,-258
1,0,0,0;1,321,190,128;65,-258,-63,62;63,65,-66,-257
1,0,0,0;1,321,190,129;64,-255,-64,62;66,63,-65,-258
1,0,0,0;1,321,193,128;63,-254,-64,63;63,65,-65,-255
1,0,0,0;1,321,194,129;64,-257,-64,66;66,66,-65,-256
1,0,0,0;1,322,190,127;66,-256,-63,64;62,63,-66,-256
1,0,0,0;1,322,190,129;64,-255,-66,66;63,64,-62,-255
1,0,0,0;1,322,190,130;65,-254,-65,64;62,66,-64,-256
1,0,0,0;1,322,191,127;62,-256,-65,62;63,65,-63,-258
1,0,0,0;1,322,191,127;63,-258,-62,66;64,65,-62,-256
1,0,0,0;1,322,191,129;62,-257,-65,65;63,62,-62,-256
1,0,0,0;1,322,191,130;62,-255,-62,66;62,63,-63,-256
1,0,0,0;1,322,191,130;64,-254,-66,64;64,62,-62,-258
1,0,0,0;1,322,192,126;64,-257,-62,66;62,66,-65,-258
1,0,0,0;1,322,192,126;66,-258,-65,63;63,63,-66,-256
1,0,0,0;1,322,192,130;66,-258,-66,65;66,62,-62,-256
1,0,0,0;1,322,193,127;63,-255,-66,64;62,65,-64,-256
1,0,0,0;1,322,194,127;66,-258,-62,66;66,65,-64,-255
1,0,0,0;1,4,-3,3;-1,-4,-1,5;-5,2,3,-5
1,0,0,0;1,4,1,1;-1,-3,-3,-1;1,0,-1,-2
1,0,0,0;1,4,1,1;-1,-4,0,1;1,-1,1,-6
1,0,0,0;1,4,1,2;0,-4,-1,1;2,3,0,-3
1,0,0,0;1,4,1,2;0,-6,-1,3;2,2,-1,-6
1,0,0,0;1,4,1,2;2,-6,-1,3;-1,0,1,-2
1,0,0,0;1,4,1,3;0,-4,-2,1;0,-1,0,-2
1,0,0,0;1,4,2,-3;-4,1,0,-3;4,0,-4,0
1,0,0,0;1,4,2,-5;-4,2,-5,5;-5,-5,-4,4
1,0,0,0;1,4,2,2;3,-4,-1,-1;2,2,1,-6
1,0,0,0;1,4,3,0;-1,-5,-2,3;1,2,-1,-5
1,0,0,0;1,4,3,0;0,-4,1,-1;0,-1,-2,-5
1,0,0,0;1,4,3,1;2,-6,1,-1;2,1,-2,-4
1,0,0,0;1,4,5,0;3,-4,-1,-1;-1,3,-1,-3
1,0,0,0;1,5,0,0;1,0,-3,0;6,-5,0,0
1,0,0,0;1,5,0,0;6,0,0,6;2,0,0,0
1,0,0,0;1,5,1,0;2,-5,-1,3;3,3,0,-6
1,0,0,0;1,5,2,1;3,-3,1,3;2,0,0,-4
1,0,0,0;1,5,3,0;1,-4,-2,2;2,-1,-2,-4
1,0,0,0;1,5,3,1;2,-2,-1,3;3,-1,-3,-2
1,0,0,0;1,5,4,3;2,-4,-2,0;-1,1,-3,-2
1,0,0,0;1,5,5,0;3,-4,1,1;2,-1,-1,-6
1,0,0,0;1,5,5,1;1,-6,1,3;-1,-1,-2,-4
1,0,0,0;1,50,4,46;-10,15,19,9;21,32,10,-8
1,0,0,0;1,55,47,-6;-17,34,33,51;53,0,31,-22
1,0,0,0;1,6,0,0;4,0,1,0;5,0,0,6
1,0,0,0;1,6,1,1;2,-3,1,3;0,0,-1,-2
1,0,0,0;1,6,1,3;-1,-3,-2,2;0,0,-1,-5
1,0,0,0;1,6,1,3;3,-3,-2,0;3,1,1,-3
1,0,0,0;1,6,1,4;2,-4,0,1;1,3,0,-6
1,0,0,0;1,6,2,1;1,-2,-3,2;2,0,-1,-2
1,0,0,0;1,6,2,2;-1,-3,1,-1;-1,2,-3,-4
1,0,0,0;1,6,2,2;3,-4,1,1;3,2,1,-3
1,0,0,0;1,6,2,3;1,-5,0,2;-1,1,1,-4
1,0,0,0;1,6,2,3;3,-5,-2,1;-1,1,-3,-3
1,0,0,0;1,6,2,4;3,-4,-1,1;1,0,-1,-4
1,0,0,0;1,6,3,3;-1,-4,1,-1;0,2,-3,-6
1,0,0,0;1,6,4,0;-1,-6,-3,0;3,3,0,-4
1,0,0,0;1,6,4,0;2,-3,-3,3;-1,1,0,-4
1,0,0,0;1,6,4,2;2,-5,-3,0;-1,2,-3,-5
1,0,0,0;1,6,4,3;1,-2,-1,1;1,-1,1,-2
1,0,0,0;1,6,5,0;-1,-6,-3,0;-1,1,-3,-4
1,0,0,0;1,6,5,0;2,-3,-3,2;-1,2,0,-3
1,0,0,0;1,6,5,3;3,-2,-1,2;1,1,-3,-3
1,0,0,0;1,6,5,4;0,-4,-3,-1;-1,3,-3,-2
1,0,0,0;1,6,5,4;1,-6,-2,3;1,1,-3,-2
1,0,0,0;1,7,1,0;0,-4,-1,3;1,3,-1,-4
1,0,0,0;1,7,1,2;0,-3,0,-1;2,3,-1,-4
1,0,0,0;1,7,1,2;3,-3,1,-1;1,-1,1,-5
1,0,0,0;1,7,1,3;3,-2,-3,0;3,1,-1,-2
1,0,0,0;1,7,1,4;0,-3,-1,2;1,1,-3,-4
1,0,0,0;1,7,1,4;3,-4,-3,3;1,-1,1,-6
1,0,0,0;1,7,2,1;-1,-4,-3,-1;1,3,-2,-2
1,0,0,0;1,7,4,0;0,-3,-3,0;3,1,-1,-4
1,0,0,0;1,78,46,31;15,-65,-17,16;15,18,-16,-63
1,0,0,0;1,78,46,32;15,-63,-14,17;14,14,-18,-65
1,0,0,0;1,78,46,34;15,-65,-16,16;17,15,-14,-62
1,0,0,0;1,78,47,32;15,-62,-15,16;18,15,-18,-66
1,0,0,0;1,78,47,32;15,-65,-15,17;15,15,-18,-62
1,0,0,0;1,78,47,33;17,-63,-17,16;18,18,-18,-65
1,0,0,0;1,78,47,33;17,-64,-18,15;17,17,-15,-63
1,0,0,0;1,78,47,34;16,-64,-14,17;16,14,-17,-62
1,0,0,0;1,78,48,31;16,-62,-16,16;17,14,-14,-63
1,0,0,0;1,78,48,32;15,-66,-14,17;15,18,-17,-62
1,0,0,0;1,78,48,34;17,-66,-18,14;18,16,-18,-65
1,0,0,0;1,78,49,33;18,-66,-17,15;17,14,-16,-62
1,0,0,0;1,78,49,34;14,-65,-16,14;16,16,-17,-65
1,0,0,0;1,78,50,30;14,-66,-14,18;18,15,-16,-65
1,0,0,0;1,78,50,31;17,-62,-18,15;14,14,-17,-66
1,0,0,0;1,78,50,34;17,-62,-17,16;14,14,-17,-66
1,0,0,0;1,79,46,30;14,-63,-18,17;18,18,-18,-62
1,0,0,0;1,79,46,33;18,-66,-16,14;15,17,-14,-62
1,0,0,0;1,79,47,31;15,-66,-18,15;16,14,-16,-64
1,0,0,0;1,79,47,34;17,-63,-17,14;16,14,-16,-63
1,0,0,0;1,79,47,34;18,-62,-15,17;18,15,-17,-65
1,0,0,0;1,79,47,34;18,-63,-18,14;14,18,-18,-64
1,0,0,0;1,79,48,32;15,-65,-14,18;15,16,-18,-62
1,0,0,0;1,79,50,30;15,-65,-18,14;15,16,-14,-66
1,0,0,0;1,79,50,32;14,-65,-17,17;18,14,-17,-63
1,0,0,0;1,79,50,32;16,-63,-15,14;18,18,-14,-66
1,0,0,0;1,79,50,34;14,-62,-14,18;14,17,-18,-63
1,0,0,0;1,80,46,31;18,-62,-16,16;16,14,-17,-64
1,0,0,0;1,80,46,32;15,-66,-15,17;14,17,-14,-65
1,0,0,0;1,80,46,33;15,-65,-16,15;16,15,-14,-65
1,0,0,0;1,80,47,31;17,-66,-14,18;14,17,-18,-63
1,0,0,0;1,80,47,33;14,-65,-17,18;18,18,-18,-65
1,0,0,0;1,80,47,33;14,-66,-16,15;18,14,-14,-64
1,0,0,0;1,80,47,33;15,-65,-14,15;15,14,-16,-63
1,0,0,0;1,80,47,34;16,-63,-18,15;16,16,-15,-66
1,0,0,0;1,80,48,30;18,-62,-18,17;14,14,-17,-62
1,0,0,0;1,80,48,31;17,-64,-17,17;14,14,-18,-65
1,0,0,0;1,80,48,31;17,-66,-14,18;14,14,-16,-64
1,0,0,0;1,80,48,31;18,-66,-17,16;18,15,-16,-64
1,0,0,0;1,80,48,33;17,-62,-14,17;16,16,-14,-64
1,0,0,0;1,80,48,33;17,-65,-16,15;14,16,-16,-63
1,0,0,0;1,80,48,33;18,-65,-16,14;15,14,-18,-62
1,0,0,0;1,80,48,34;14,-66,-14,18;16,15,-14,-66
1,0,0,0;1,80,49,33;17,-66,-14,17;18,14,-18,-66
1,0,0,0;1,80,50,30;16,-66,-16,18;18,18,-16,-65
1,0,0,0;1,80,50,32;16,-62,-14,17;14,15,-18,-62
1,0,0,0;1,81,46,31;15,-66,-15,17;16,16,-14,-65
1,0,0,0;1,81,46,31;18,-63,-15,18;14,15,-17,-65
1,0,0,0;1,81,46,34;16,-65,-18,15;15,17,-17,-64
1,0,0,0;1,81,48,30;18,-64,-18,14;18,16,-14,-64
1,0,0,0;1,81,48,34;17,-65,-16,16;14,15,-17,-64
1,0,0,0;1,81,49,33;18,-62,-14,14;17,18,-18,-65
1,0,0,0;1,81,49,34;18,-63,-16,16;17,16,-18,-64
1,0,0,0;1,81,50,32;16,-65,-14,14;14,14,-15,-63
1,0,0,0;1,81,50,33;14,-65,-18,14;17,14,-16,-62
1,0,0,0;1,82,46,30;18,-64,-16,16;18,17,-15,-63
1,0,0,0;1,82,46,33;18,-66,-17,18;17,18,-17,-63
1,0,0,0;1,82,47,33;18,-63,-15,14;14,15,-15,-63
1,0,0,0;1,82,47,33;18,-66,-15,15;16,17,-18,-63
1,0,0,0;1,82,48,31;14,-66,-16,17;18,15,-18,-65
1,0,0,0;1,82,48,32;15,-63,-15,16;14,14,-17,-64
1,0,0,0;1,82,48,32;17,-63,-17,15;14,17,-18,-64
1,0,0,0;1,82,48,33;16,-65,-17,18;16,17,-17,-66
1,0,0,0;1,82,48,34;18,-66,-18,18;16,17,-14,-64
1,0,0,0;1,82,49,30;14,-64,-16,16;16,17,-14,-65
1,0,0,0;1,82,49,32;15,-63,-16,18;16,14,-16,-66
1,0,0,0;1,82,49,33;18,-62,-15,17;17,14,-15,-63
1,0,0,0;1,82,49,34;14,-65,-17,16;14,15,-17,-65
1,0,0,0;1,82,49,34;14,-66,-17,18;17,18,-15,-62
1,0,0,0;1,82,50,33;15,-63,-16,18;17,17,-14,-64
1,0,0,0;1,82,50,34;17,-64,-18,15;17,18,-15,-65
1,0,0,0;1,82,50,34;18,-64,-16,15;17,17,-17,-66
1,0,0,0;11,-10,5,53;-7,27,-54,-21;-22,-29,50,-12
1,0,0,0;11,-32,-46,22;-48,-54,35,20;1,29,49,-32
1,0,0,0;11,-32,58,-44;10,15,-45,41;53,-5,34,-6
1,0,0,0;11,22,-41,43;-25,-45,-7,3;-57,-15,-50,11
1,0,0,0;12,48,-8,-56;19,-35,42,50;-24,-42,-31,-39
1,0,0,0;13,22,-12,7;12,32,-58,-32;57,-9,27,-58
1,0,0,0;14,-15,-42,-11;-53,-51,-27,-51;39,3,-34,-2
1,0,0,0;14,32,-25,4;22,-32,38,50;-36,8,24,-58
1,0,0,0;15,-7,-26,37;43,-44,-51,55;-36,58,37,-40
1,0,0,0;16,-9,-13,-5;31,-3,-26,-2;15,46,17,-56
1,0,0,0;16,19,11,-57;14,39,41,18;7,-46,12,48
1,0,0,0;16,3,-37,-59;58,32,11,34;42,-39,3,-32
1,0,0,0;17,-39,-54,-2;-41,1,8,2;-17,24,-53,-36
1,0,0,0;17,-44,-17,32;-9,-18,-13,-28;24,-24,35,54
1,0,0,0;17,-57,-8,-42;-25,7,47,29;47,-37,9,54
1,0,0,0;17,-7,-33,40;-10,9,48,2;-38,17,-52,42
1,0,0,0;17,53,36,-45;-28,-45,53,50;12,-4,-3,21
1,0,0,0;18,36,-55,5;46,-33,18,60;32,-40,-5,-30
1,0,0,0;19,-35,-24,57;-25,42,49,-27;1,19,-41,40
1,0,0,0;19,13,-44,40;20,20,44,15;25,56,2,-11
1,0,0,0;2,-1,-1,-1;-2,-1,2,1;2,-1,-2,-1
1,0,0,0;2,-1,-1,-1;-3,2,3,1;3,2,-3,-3
1,0,0,0;2,-1,-1,-1;1,0,0,1;-1,-2,-1,0
1,0,0,0;2,-1,-1,0;0,0,-2,1;1,1,0,2
1,0,0,0;2,-1,-1,0;1,1,-1,-1;-2,0,-2,2
1,0,0,0;2,-1,-1,2;-1,0,0,-1;1,0,3,-1
1,0,0,0;2,-1,-2,-1;0,-2,1,1;2,0,2,1
1,0,0,0;2,-1,-2,0;1,-1,2,-2;-1,0,1,-2
1,0,0,0;2,-1,-2,1;2,0,0,1;2,-2,-1,0
1,0,0,0;2,-1,-3,2;2,1,1,-1;-3,1,1,-3
1,0,0,0;2,-1,0,-1;-2,-3,1,0;3,3,-1,-3
1,0,0,0;2,-1,0,-1;2,-1,0,-3;-1,2,1,-1
1,0,0,0;2,-1,0,0;2,2,1,2;-2,1,2,-1
1,0,0,0;2,-1,0,2;-2,0,1,0;-1,1,0,2
1,0,0,0;2,-1,1,-1;2,0,-1,0;0,-2,0,-2
1,0,0,0;2,-1,1,-2;3,0,2,-3;3,3,-1,0
1,0,0,0;2,-1,1,1;-2,1,2,-1;-2,-1,0,2
1,0,0,0;2,-1,2,-1;-1,1,2,-1;0,-1,2,0
1,0,0,0;2,-1,2,-2;2,1,2,2;0,-1,-2,0
1,0,0,0;2,-1,2,-3;-3,-2,-1,-2;-2,2,1,2
1,0,0,0;2,-1,3,0;-1,0,2,-1;3,0,2,-3
1,0,0,0;2,-1,3,2;3,-3,-2,1;3,-2,-2,2
1,0,0,0;2,-1,3,5;-1,0,-3,-5;-5,3,-1,-2
1,0,0,0;2,-1,4,-5;1,-5,1,3;-4,0,2,-5
1,0,0,0;2,-1,4,2;5,-3,2,-4;-1,4,-1,5
1,0,0,0;2,-2,-1,2;-2,1,2,0;1,1,2,1
1,0,0,0;2,-2,-2,0;-2,1,2,-1;-1,1,2,2
1,0,0,0;2,-2,-2,1;-1,0,2,1;-1,3,0,2
1,0,0,0;2,-2,-2,2;2,-1,-1,-1;1,2,-2,-1
1,0,0,0;2,-2,0,-2;3,-3,-1,3;2,3,-2,2
1,0,0,0;2,-2,0,0;1,0,0,-6;1,2,0,0
1,0,0,0;2,-2,0,0;4,0,5,0;2,-5,0,0
1,0,0,0;2,-2,0,1;0,-2,0,-2;-2,0,-1,-1
1,0,0,0;2,-2,0,2;1,-1,-2,1;1,1,2,0
1,0,0,0;2,-2,0,2;2,-1,1,2;2,1,0,-1
1,0,0,0;2,-2,1,2;-2,0,0,0;0,-1,-2,2
1,0,0,0;2,-2,1,3;0,-1,-1,-3;2,-1,1,-2
1,0,0,0;2,-2,2,1;-2,-1,1,-1;-2,-2,1,-1
1,0,0,0;2,-2,2,2;1,1,2,1;-1,-2,2,2
1,0,0,0;2,-2,3,3;-3,3,2,0;0,2,2,-3
1,0,0,0;2,-23,-58,39;33,11,31,41;34,12,-15,-18
1,0,0,0;2,-3,-2,2;3,-1,3,0;2,2,3,-1
1,0,0,0;2,-3,-5,2;-5,-5,-4,-4;-4,-3,-2,-2
1,0,0,0;2,-3,0,0;4,-2,0,0;1,0,-2,0
1,0,0,0;2,-3,1,-1;-1,-1,-1,1;-3,-1,2,2
1,0,0,0;2,-3,1,-5;-1,2,3,-2;5,-1,-4,-2
1,0,0,0;2,-3,2,1;1,1,3,0;0,0,-2,3
1,0,0,0;2,-3,3,0;-3,-2,2,-2;-3,0,2,0
1,0,0,0;2,-3,3,0;1,3,-3,0;-1,3,-3,1
1,0,0,0;2,-3,3,1;2,-2,1,3;4,0,-4,-5
1,0,0,0;2,-3,5,-3;1,5,-3,3;0,-3,0,0
1,0,0,0;2,-32,33,48;-31,-26,43,40;-9,-60,-7,-4
1,0,0,0;2,-38,-18,-24;-38,-37,21,-46;57,-8,56,23
1,0,0,0;2,-4,-2,-5;-3,2,-2,-3;1,-5,5,-1
1,0,0,0;2,-4,-4,5;-3,5,-1,1;-1,-5,-5,5
1,0,0,0;2,-4,0,0;4,0,-5,0;3,0,3,0
1,0,0,0;2,-5,-3,1;-2,2,0,3;5,-3,1,-2
1,0,0,0;2,-5,-4,1;-5,-4,-5,-2;1,-5,-2,1
1,0,0,0;2,-5,0,0;3,0,-6,0;3,0,0,0
1,0,0,0;2,-5,0,0;3,0,0,-2;1,0,-5,0
1,0,0,0;2,-5,0,0;4,0,2,0;4,0,0,-6
1,0,0,0;2,-52,28,-13;28,32,27,20;-29,-52,32,-1
1,0,0,0;2,-6,0,0;6,0,3,0;5,0,0,2
1,0,0,0;2,0,-1,-1;1,-2,2,-2;-2,0,2,-1
1,0,0,0;2,0,-1,-1;2,0,2,2;1,2,1,-1
1,0,0,0;2,0,-1,0;1,0,-6,0;1,0,0,6
1,0,0,0;2,0,-1,0;1,5,0,0;3,0,0,6
1,0,0,0;2,0,-1,0;3,0,0,-4;5,0,-4,0
1,0,0,0;2,0,-1,1;0,-1,-1,-2;1,1,0,0
1,0,0,0;2,0,-1,1;1,3,3,3;-3,2,3,2
1,0,0,0;2,0,-1,2;0,-2,-1,2;-2,-1,0,-1
1,0,0,0;2,0,-2,-1;-1,-2,2,0;3,0,-1,-3
1,0,0,0;2,0,-2,-1;0,1,2,0;-1,-1,3,-1
1,0,0,0;2,0,-2,-2;-2,0,0,1;2,-2,2,1
1,0,0,0;2,0,-2,-3;3,-1,2,3;1,-3,-2,0
1,0,0,0;2,0,-2,0;5,0,0,-5;6,0,-6,0
1,0,0,0;2,0,-3,0;1,3,0,0;5,2,0,0
1,0,0,0;2,0,-3,0;6,0,3,0;3,-6,0,0
1,0,0,0;2,0,-4,0;1,-5,0,0;5,0,0,-4
1,0,0,0;2,0,-4,0;5,0,0,-3;4,0,0,2
1,0,0,0;2,0,-4,4;-5,2,-2,1;5,-3,1,-2
1,0,0,0;2,0,-5,0;1,0,0,-3;3,0,-3,0
1,0,0,0;2,0,-5,0;1,0,0,4;1,-6,0,0
1,0,0,0;2,0,-5,0;2,0,-5,0;4,-3,0,0
1,0,0,0;2,0,-5,0;3,0,0,4;6,0,0,-4
1,0,0,0;2,0,-6,0;3,0,0,3;3,1,0,0
1,0,0,0;2,0,0,-1;-1,1,2,-2;1,2,2,-2
1,0,0,0;2,0,0,-2;3,2,1,-2;2,1,-1,0
1,0,0,0;2,0,0,-3;5,0,-2,0;1,1,0,0
1,0,0,0;2,0,0,-4;3,0,4,0;6,0,0,0
1,0,0,0;2,0,0,-6;1,6,0,0;6,0,0,6
1,0,0,0;2,0,0,-6;6,0,6,0;5,5,0,0
1,0,0,0;2,0,0,0;5,0,5,0;6,4,0,0
1,0,0,0;2,0,0,0;6,0,0,-4;4,0,4,0
1,0,0,0;2,0,0,1;3,0,0,5;6,0,0,5
1,0,0,0;2,0,0,1;4,6,0,0;6,4,0,0
1,0,0,0;2,0,0,2;1,0,3,0;5,0,-3,0
1,0,0,0;2,0,0,5;1,6,0,0;3,2,0,0
1,0,0,0;2,0,0,5;3,0,0,5;6,-5,0,0
1,0,0,0;2,0,1,0;-1,-1,1,2;1,0,2,-1
1,0,0,0;2,0,1,0;-1,1,0,-2;-2,2,-1,-2
1,0,0,0;2,0,1,2;-1,2,2,-2;3,0,-2,-2
1,0,0,0;2,0,1,2;0,1,-2,2;-1,-2,-2,-1
1,0,0,0;2,0,1,2;0,2,2,-1;2,-1,-2,1
1,0,0,0;2,0,2,-2;-2,-2,1,-1;-1,0,-1,0
1,0,0,0;2,0,2,0;-1,1,-3,-1;3,-3,-3,-2
1,0,0,0;2,0,2,0;1,2,0,2;0,-2,-2,1
1,0,0,0;2,0,2,2;2,-1,0,-2;2,-1,0,0
1,0,0,0;2,0,3,0;1,4,0,0;6,0,0,-4
1,0,0,0;2,0,3,0;2,0,0,6;2,0,4,0
1,0,0,0;2,0,5,0;5,0,5,0;5,0,0,0
1,0,0,0;2,0,6,0;6,-5,0,0;3,0,-4,0
1,0,0,0;2,1,-1,-2;-1,-1,3,3;0,1,1,2
1,0,0,0;2,1,-1,1;0,0,1,2;-2,-1,-2,-2
1,0,0,0;2,1,-1,1;2,0,-1,0;1,1,-1,1
1,0,0,0;2,1,-2,-2;1,2,1,1;-1,-2,-1,-1
1,0,0,0;2,1,-2,-2;2,0,-1,1;0,-1,-2,-1
1,0,0,0;2,1,-2,1;-3,-2,-3,-3;-2,3,3,0
1,0,0,0;2,1,-2,1;0,-1,0,1;-2,1,2,-2
1,0,0,0;2,1,-2,3;-1,-3,3,1;-2,-3,2,0
1,0,0,0;2,1,-2,3;-1,2,0,3;-1,3,2,-3
1,0,0,0;2,1,-3,-1;3,-1,1,2;-2,3,0,1
1,0,0,0;2,1,-3,-2;-3,-2,1,-1;0,1,-3,-2
1,0,0,0;2,1,0,-2;-1,-2,1,2;2,2,-1,-2
1,0,0,0;2,1,0,-3;1,1,0,-1;1,1,2,-2
1,0,0,0;2,1,0,0;-3,1,3,0;-3,-2,0,1
1,0,0,0;2,1,1,-1;1,0,1,3;1,0,1,2
1,0,0,0;2,1,1,-1;2,2,-1,1;-1,2,2,-1
1,0,0,0;2,1,1,-2;1,0,2,2;0,2,-2,-2
1,0,0,0;2,1,1,-3;3,-2,-3,-3;-3,1,-2,1
1,0,0,0;2,1,2,-1;-1,3,2,-1;0,-1,0,1
1,0,0,0;2,1,2,-1;2,2,2,-2;2,-1,-2,-2
1,0,0,0;2,1,2,1;-1,0,1,-1;1,2,0,-2
1,0,0,0;2,18,10,6;2,-17,-2,5;5,6,-3,-18
1,0,0,0;2,18,10,9;4,-15,-5,3;4,5,-4,-14
1,0,0,0;2,18,11,8;4,-16,-6,4;6,3,-6,-16
1,0,0,0;2,18,12,10;3,-15,-3,4;6,6,-5,-16
1,0,0,0;2,18,12,8;3,-16,-2,4;3,5,-5,-15
1,0,0,0;2,18,13,8;2,-16,-2,2;6,5,-6,-18
1,0,0,0;2,18,13,9;5,-17,-2,6;4,6,-3,-17
1,0,0,0;2,18,14,8;5,-18,-2,5;5,4,-6,-14
1,0,0,0;2,19,10,8;4,-16,-6,3;6,5,-2,-15
1,0,0,0;2,19,10,9;5,-18,-4,4;3,3,-3,-14
1,0,0,0;2,19,12,8;3,-14,-4,4;3,4,-4,-16
1,0,0,0;2,19,12,8;5,-18,-3,3;6,2,-4,-14
1,0,0,0;2,19,13,8;5,-16,-6,5;2,5,-4,-15
1,0,0,0;2,19,13,8;6,-14,-4,3;6,2,-5,-16
1,0,0,0;2,19,13,8;6,-14,-6,5;5,5,-4,-16
1,0,0,0;2,2,-1,-2;-2,0,0,0;1,-2,-1,2
1,0,0,0;2,2,-1,2;-1,-3,1,2;0,-1,3,3
1,0,0,0;2,2,-1,2;0,1,1,2;0,2,0,-3
1,0,0,0;2,2,-1,2;1,0,1,-1;0,2,-1,-2
1,0,0,0;2,2,-1,3;1,-1,-2,-2;-2,2,2,-2
1,0,0,0;2,2,-2,-2;-1,2,-2,2;0,2,-1,-1
1,0,0,0;2,2,-2,-2;-2,-1,1,-1;-2,2,0,2
1,0,0,0;2,2,-2,0;2,-2,-3,-1;1,2,-1,0
1,0,0,0;2,2,-2,1;-1,0,-2,1;-1,1,0,-1
1,0,0,0;2,2,-2,2;4,2,-3,2;1,-4,-4,-3
1,0,0,0;2,2,-3,-1;2,-1,-2,0;3,3,2,3
1,0,0,0;2,2,-3,-3;2,-2,2,0;1,-2,1,-2
1,0,0,0;2,2,-3,1;-3,3,-1,1;2,-1,3,1
1,0,0,0;2,2,-3,2;2,-1,2,3;0,-3,-3,2
1,0,0,0;2,2,-3,3;-2,3,0,-3;-3,2,0,-3
1,0,0,0;2,2,0,-2;0,-1,1,1;1,-2,-1,-2
1,0,0,0;2,2,0,1;0,-2,-1,0;-2,-2,2,0
1,0,0,0;2,2,0,1;0,2,2,-2;0,0,1,1
1,0,0,0;2,2,1,-1;-2,1,2,-1;0,2,2,-1
1,0,0,0;2,2,1,-2;1,2,2,-1;-1,2,-1,0
1,0,0,0;2,2,1,-3;5,-2,-1,0;4,-2,2,-4
1,0,0,0;2,2,1,0;0,2,1,0;-2,0,-1,-2
1,0,0,0;2,2,1,1;-3,1,-3,-2;-1,2,-1,3
1,0,0,0;2,2,2,-2;2,2,2,1;1,1,-1,1
1,0,0,0;2,2,2,0;-2,-2,-1,1;-2,1,-2,-1
1,0,0,0;2,2,2,0;-2,2,-1,-1;-2,-1,-2,0
1,0,0,0;2,2,2,2;-1,1,-2,0;-2,2,0,2
1,0,0,0;2,2,3,1;-1,3,-3,1;-1,1,3,2
1,0,0,0;2,20,10,6;2,-15,-5,6;6,3,-5,-17
1,0,0,0;2,20,10,6;4,-18,-5,2;6,2,-6,-14
1,0,0,0;2,20,10,9;6,-14,-5,5;2,6,-5,-16
1,0,0,0;2,20,12,10;6,-14,-4,6;4,2,-3,-14
1,0,0,0;2,20,13,10;2,-17,-6,4;5,6,-5,-17
1,0,0,0;2,20,13,10;2,-18,-4,6;5,5,-3,-17
1,0,0,0;2,20,14,7;2,-14,-3,3;6,2,-5,-17
1,0,0,0;2,20,14,8;2,-14,-2,3;3,6,-2,-16
1,0,0,0;2,20,14,9;3,-15,-4,2;6,3,-3,-14
1,0,0,0;2,21,10,10;4,-15,-4,2;6,6,-4,-16
1,0,0,0;2,21,10,7;5,-16,-5,2;5,2,-3,-17
1,0,0,0;2,21,10,8;2,-15,-5,6;5,3,-6,-15
1,0,0,0;2,21,10,9;6,-14,-2,2;3,6,-3,-14
1,0,0,0;2,21,11,10;5,-15,-4,5;2,2,-5,-14
1,0,0,0;2,21,11,10;5,-16,-5,4;2,5,-6,-14
1,0,0,0;2,21,11,10;6,-16,-5,6;6,3,-2,-15
1,0,0,0;2,21,11,8;5,-15,-5,3;4,4,-2,-17
1,0,0,0;2,21,11,9;3,-14,-3,6;6,6,-5,-18
1,0,0,0;2,21,12,6;3,-18,-3,6;2,3,-2,-14
1,0,0,0;2,21,12,9;4,-16,-4,6;4,4,-2,-18
1,0,0,0;2,21,13,10;6,-15,-3,3;4,2,-6,-17
1,0,0,0;2,21,13,7;2,-15,-3,6;6,6,-6,-15
1,0,0,0;2,21,13,8;3,-17,-2,2;3,3,-2,-15
1,0,0,0;2,21,13,9;4,-15,-3,3;4,4,-3,-15
1,0,0,0;2,21,14,7;3,-16,-5,4;4,2,-3,-15
1,0,0,0;2,21,14,8;6,-18,-3,2;3,2,-6,-14
1,0,0,0;2,22,10,7;6,-14,-6,5;4,5,-3,-15
1,0,0,0;2,22,11,7;6,-16,-6,3;5,5,-6,-14
1,0,0,0;2,22,13,10;4,-17,-6,3;4,6,-3,-16
1,0,0,0;2,22,13,8;3,-14,-2,4;5,2,-3,-17
1,0,0,0;2,22,14,10;3,-17,-5,3;6,3,-3,-15
1,0,0,0;2,22,14,6;3,-15,-4,3;2,5,-4,-17
1,0,0,0;2,22,14,8;2,-17,-3,4;4,3,-2,-16
1,0,0,0;2,22,14,9;2,-14,-2,4;3,2,-2,-15
1,0,0,0;2,24,36,-48;-40,-45,35,5;33,-20,-57,-40
1,0,0,0;2,3,-2,-2;0,-3,-1,-3;1,-3,-3,3
1,0,0,0;2,3,-2,2;2,-3,2,-3;-1,-1,-1,2
1,0,0,0;2,3,-3,-1;0,-1,5,5;-4,2,5,3
1,0,0,0;2,3,-3,0;-2,0,-3,-3;0,-1,5,-3
1,0,0,0;2,3,-3,2;3,3,-3,-1;2,-3,0,-1
1,0,0,0;2,3,-4,-4;-4,5,-4,1;0,2,-4,-3
1,0,0,0;2,3,0,-3;0,-3,0,-3;3,-3,-1,-2
1,0,0,0;2,3,0,0;2,-1,0,0;1,6,0,0
1,0,0,0;2,3,0,0;4,6,0,0;1,0,0,-1
1,0,0,0;2,3,0,4;-1,2,3,5;-2,-1,-4,-4
1,0,0,0;2,3,1,-1;-2,-3,-3,3;-2,3,-1,-2
1,0,0,0;2,3,1,-1;0,2,5,3;-2,-2,4,-1
1,0,0,0;2,3,1,3;-3,1,1,-2;2,-1,0,-3
1,0,0,0;2,3,1,4;2,-6,1,0;-1,-1,1,-4
1,0,0,0;2,3,2,-3;-3,-3,3,-3;0,-1,0,-1
1,0,0,0;2,3,2,1;2,-5,1,-1;3,1,1,-5
1,0,0,0;2,3,2,2;-2,1,-2,3;0,-2,1,-1
1,0,0,0;2,3,2,2;2,-2,-3,-1;1,2,1,-4
1,0,0,0;2,3,2,3;-5,4,3,1;0,5,-2,-1
1,0,0,0;2,3,2,3;2,-3,1,2;2,2,-3,-6
1,0,0,0;2,3,3,-2;1,0,1,3;-2,3,0,-2
1,0,0,0;2,3,3,-3;1,-3,-1,0;-1,3,-3,1
1,0,0,0;2,3,3,1;0,-5,0,2;-1,3,0,-2
1,0,0,0;2,3,3,1;2,1,1,-3;3,-1,2,-2
1,0,0,0;2,3,3,2;3,-3,0,0;0,-1,-1,-5
1,0,0,0;2,3,3,3;-1,-2,0,1;-1,0,-3,-3
1,0,0,0;2,3,4,-1;4,0,-5,-1;-3,3,1,-1
1,0,0,0;2,3,4,2;0,-3,4,4;-2,0,2,3
1,0,0,0;2,3,5,2;1,-2,1,3;-1,3,-2,-4
1,0,0,0;2,3,5,3;0,-4,0,2;1,1,-1,-2
1,0,0,0;2,318,190,126;66,-256,-66,65;62,62,-66,-256
1,0,0,0;2,318,191,126;66,-256,-65,66;63,63,-66,-255
1,0,0,0;2,318,191,127;63,-254,-65,62;65,63,-63,-258
1,0,0,0;2,318,191,127;66,-256,-62,62;62,64,-65,-254
1,0,0,0;2,318,191,128;64,-256,-62,66;64,62,-65,-254
1,0,0,0;2,318,191,129;63,-254,-63,62;62,64,-65,-255
1,0,0,0;2,318,192,126;62,-257,-65,65;62,66,-62,-258
1,0,0,0;2,318,192,128;63,-257,-66,64;64,64,-62,-257
1,0,0,0;2,318,192,128;65,-255,-65,63;66,66,-62,-254
1,0,0,0;2,318,192,129;62,-255,-65,64;62,64,-64,-257
1,0,0,0;2,318,192,130;65,-256,-64,64;62,63,-66,-257
1,0,0,0;2,318,193,128;64,-254,-62,65;64,65,-62,-255
1,0,0,0;2,318,193,129;66,-254,-66,63;65,62,-65,-255
1,0,0,0;2,318,194,128;65,-258,-64,63;63,62,-64,-257
1,0,0,0;2,318,194,130;63,-258,-62,62;63,66,-65,-256
1,0,0,0;2,319,190,129;66,-257,-66,66;62,66,-65,-254
1,0,0,0;2,319,190,129;66,-258,-66,64;65,62,-65,-255
1,0,0,0;2,319,190,130;63,-256,-62,66;65,62,-64,-258
1,0,0,0;2,319,191,126;63,-256,-64,63;65,63,-65,-255
1,0,0,0;2,319,191,126;65,-254,-66,66;64,64,-64,-257
1,0,0,0;2,319,191,126;65,-257,-65,64;63,64,-62,-258
1,0,0,0;2,319,192,127;64,-258,-65,64;65,62,-63,-258
1,0,0,0;2,319,194,126;65,-258,-64,62;63,62,-63,-258
1,0,0,0;2,319,194,127;66,-255,-65,65;62,66,-62,-254
1,0,0,0;2,319,194,130;62,-257,-63,65;64,64,-66,-256
1,0,0,0;2,320,190,127;62,-256,-65,66;64,63,-66,-258
1,0,0,0;2,320,190,127;66,-258,-63,63;63,66,-63,-258
1,0,0,0;2,320,190,128;63,-255,-63,66;66,64,-64,-257
1,0,0,0;2,320,190,130;63,-256,-62,64;65,62,-64,-256
1,0,0,0;2,320,191,127;62,-256,-64,65;62,66,-64,-254
1,0,0,0;2,320,191,127;63,-254,-66,64;63,65,-63,-257
1,0,0,0;2,320,191,128;62,-254,-63,62;64,63,-65,-255
1,0,0,0;2,320,192,126;62,-255,-63,64;66,66,-66,-255
1,0,0,0;2,320,192,127;63,-254,-65,64;63,62,-65,-258
1,0,0,0;2,320,192,127;64,-255,-66,62;65,62,-62,-258
1,0,0,0;2,320,192,129;64,-255,-66,62;63,65,-65,-255
1,0,0,0;2,320,193,126;63,-258,-63,66;62,62,-65,-255
1,0,0,0;2,320,193,130;64,-254,-64,66;66,65,-63,-257
1,0,0,0;2,320,193,130;64,-255,-62,62;65,65,-62,-256
1,0,0,0;2,320,193,130;64,-255,-63,62;62,62,-65,-256
1,0,0,0;2,320,193,130;64,-256,-62,62;65,63,-62,-255
1,0,0,0;2,320,194,128;66,-256,-64,64;65,66,-65,-255
1,0,0,0;2,320,194,129;63,-257,-66,62;66,62,-66,-255
1,0,0,0;2,320,194,130;64,-255,-63,62;63,64,-65,-254
1,0,0,0;2,321,190,126;65,-254,-66,65;63,66,-63,-256
1,0,0,0;2,321,190,126;65,-258,-63,62;66,65,-62,-256
1,0,0,0;2,321,191,130;62,-257,-64,62;65,63,-63,-257
1,0,0,0;2,321,192,126;64,-254,-65,65;63,63,-63,-256
1,0,0,0;2,321,192,129;64,-254,-66,62;65,65,-65,-255
1,0,0,0;2,321,193,130;62,-255,-62,63;65,66,-62,-255
1,0,0,0;2,321,194,127;63,-257,-65,64;62,64,-64,-256
1,0,0,0;2,321,194,128;64,-255,-63,66;62,63,-66,-255
1,0,0,0;2,321,194,129;65,-254,-62,64;65,62,-64,-257
1,0,0,0;2,321,194,129;66,-254,-63,63;62,65,-64,-256
1,0,0,0;2,322,191,126;65,-255,-62,63;63,63,-62,-254
1,0,0,0;2,322,191,130;62,-254,-63,64;63,64,-64,-258
1,0,0,0;2,322,191,130;63,-257,-62,64;63,65,-62,-256
1,0,0,0;2,322,192,126;65,-254,-62,65;63,64,-65,-255
1,0,0,0;2,322,192,129;66,-256,-65,66;66,64,-64,-257
1,0,0,0;2,322,192,130;66,-258,-65,64;65,65,-65,-256
1,0,0,0;2,322,193,126;65,-258,-63,63;63,64,-65,-254
1,0,0,0;2,322,193,127;62,-254,-65,63;63,62,-65,-256
1,0,0,0;2,322,193,127;63,-257,-65,66;64,64,-62,-256
1,0,0,0;2,322,193,127;65,-256,-66,65;66,64,-62,-256
1,0,0,0;2,322,193,129;64,-255,-62,62;62,66,-64,-258
1,0,0,0;2,322,193,129;66,-256,-65,65;65,63,-64,-257
1,0,0,0;2,322,193,130;62,-258,-63,63;65,63,-66,-258
1,0,0,0;2,322,194,128;66,-258,-65,66;64,62,-66,-255
1,0,0,0;2,322,194,129;62,-254,-66,62;62,65,-62,-257
1,0,0,0;2,37,-36,34;-5,50,-10,-23;53,-48,-50,33
1,0,0,0;2,4,-4,4;1,-5,-1,-4;1,-5,4,5
1,0,0,0;2,4,0,0;6,0,-6,0;1,0,4,0
1,0,0,0;2,4,1,1;1,-5,1,-1;0,2,1,-3
1,0,0,0;2,4,1,2;-1,-6,-2,2;3,3,0,-6
1,0,0,0;2,4,2,0;-1,-2,-1,3;2,1,1,-5
1,0,0,0;2,4,2,2;0,-6,1,2;0,0,0,-3
1,0,0,0;2,4,3,1;0,-2,-3,2;0,3,-2,-4
1,0,0,0;2,4,3,2;0,-5,1,3;0,3,-1,-6
1,0,0,0;2,4,3,2;3,-3,1,1;3,1,-2,-4
1,0,0,0;2,4,3,3;1,-3,1,3;1,0,-2,-3
1,0,0,0;2,4,3,3;2,-2,-3,-1;-1,-1,-3,-5
1,0,0,0;2,4,3,3;2,-4,-3,2;2,2,-2,-3
1,0,0,0;2,4,3,4;0,-5,-2,0;2,2,-1,-5
1,0,0,0;2,4,4,1;-1,-5,1,-1;1,0,-2,-4
1,0,0,0;2,4,4,1;1,-3,-3,2;1,-1,0,-4
1,0,0,0;2,4,4,2;-1,-4,-1,1;2,0,1,-6
1,0,0,0;2,4,4,3;3,-6,-3,2;0,0,-3,-3
1,0,0,0;2,4,4,4;4,-2,-5,5;2,3,-2,-4
1,0,0,0;2,4,5,0;3,-3,-3,-1;3,-1,0,-4
1,0,0,0;2,4,5,3;2,-6,0,3;3,2,-2,-2
1,0,0,0;2,4,5,4;-1,-4,-1,0;1,1,-1,-4
1,0,0,0;2,4,5,4;2,-2,-2,2;3,3,-1,-5
1,0,0,0;2,5,-2,5;-3,-3,-4,3;1,-2,-4,-3
1,0,0,0;2,5,0,0;4,0,0,1;6,0,1,0
1,0,0,0;2,5,0,0;6,0,-5,0;6,-2,0,0
1,0,0,0;2,5,0,4;-1,1,-2,-5;1,1,1,3
1,0,0,0;2,5,1,2;1,-3,-2,3;1,-1,0,-4
1,0,0,0;2,5,1,4;3,-5,1,3;-1,2,-2,-6
1,0,0,0;2,5,2,0;0,-2,0,1;0,2,-3,-5
1,0,0,0;2,5,2,3;0,-3,-3,1;-1,0,-3,-5
1,0,0,0;2,5,3,2;2,-3,-1,1;1,2,0,-2
1,0,0,0;2,5,4,4;2,-2,0,-1;2,-1,-1,-5
1,0,0,0;2,5,5,1;-1,-5,-2,0;1,0,-3,-5
1,0,0,0;2,5,5,3;2,-6,-3,-1;2,0,-1,-4
1,0,0,0;2,5,5,4;0,-3,-3,2;0,2,-2,-2
1,0,0,0;2,5,5,4;1,-6,-2,3;2,0,1,-2
1,0,0,0;2,6,0,0;5,5,0,0;6,5,0,0
1,0,0,0;2,6,0,0;6,0,-5,0;6,0,-3,0
1,0,0,0;2,6,1,3;0,-2,-1,-1;3,2,-1,-2
1,0,0,0;2,6,1,3;0,-5,-2,-1;2,0,-1,-5
1,0,0,0;2,6,2,2;-1,-6,0,2;2,0,-2,-4
1,0,0,0;2,6,2,2;3,-4,-2,3;3,-1,1,-4
1,0,0,0;2,6,2,2;3,-4,1,-1;1,2,-2,-6
1,0,0,0;2,6,3,4;0,-4,1,3;-1,2,1,-5
1,0,0,0;2,6,3,4;2,-3,-1,1;1,1,-3,-4
1,0,0,0;2,6,4,1;3,-4,-1,-1;0,0,1,-4
1,0,0,0;2,6,4,3;1,-5,1,3;1,3,0,-4
1,0,0,0;2,6,5,1;0,-4,-1,3;0,1,-3,-5
1,0,0,0;2,6,5,2;-1,-3,0,2;-1,-1,0,-3
1,0,0,0;2,6,5,3;2,-5,1,3;0,0,-2,-5
1,0,0,0;2,7,1,0;2,-2,0,2;-1,-1,0,-2
1,0,0,0;2,7,2,0;0,-6,-2,3;0,0,-3,-4
1,0,0,0;2,7,2,0;1,-3,-2,1;1,-1,1,-6
1,0,0,0;2,7,2,0;3,-6,0,0;1,3,-3,-5
1,0,0,0;2,7,3,2;2,-2,0,0;-1,2,-2,-4
1,0,0,0;2,7,3,3;-1,-3,-3,0;-1,0,0,-2
1,0,0,0;2,7,4,1;1,-4,0,0;3,3,-1,-5
1,0,0,0;2,7,4,2;-1,-2,1,2;2,2,-1,-2
1,0,0,0;2,7,4,2;2,-2,-3,0;3,0,-3,-4
1,0,0,0;2,7,4,2;3,-5,-1,0;1,3,1,-5
1,0,0,0;2,7,4,3;3,-2,0,0;3,1,-2,-3
1,0,0,0;2,7,5,1;0,-4,-3,-1;0,-1,-3,-3
1,0,0,0;2,7,5,3;0,-3,-1,1;-1,3,-2,-2
1,0,0,0;2,78,46,31;15,-63,-16,17;18,15,-16,-62
1,0,0,0;2,78,46,31;16,-62,-16,14;17,16,-16,-66
1,0,0,0;2,78,46,32;18,-64,-14,18;17,16,-15,-65
1,0,0,0;2,78,47,30;15,-65,-14,18;18,17,-18,-66
1,0,0,0;2,78,47,30;18,-66,-15,15;17,14,-16,-63
1,0,0,0;2,78,47,31;14,-63,-17,17;18,14,-16,-62
1,0,0,0;2,78,48,30;17,-63,-14,16;17,14,-18,-66
1,0,0,0;2,78,48,34;17,-66,-18,14;14,14,-15,-63
1,0,0,0;2,78,48,34;18,-65,-17,15;15,17,-18,-65
1,0,0,0;2,78,49,31;15,-62,-14,16;16,18,-15,-64
1,0,0,0;2,78,50,33;18,-66,-17,18;15,15,-16,-64
1,0,0,0;2,78,50,34;14,-63,-16,17;16,16,-14,-65
1,0,0,0;2,79,46,31;14,-63,-16,17;15,16,-14,-66
1,0,0,0;2,79,46,31;16,-65,-17,14;18,14,-14,-64
1,0,0,0;2,79,46,33;15,-63,-16,15;18,14,-14,-63
1,0,0,0;2,79,47,31;14,-62,-16,18;17,16,-14,-65
1,0,0,0;2,79,47,31;14,-64,-17,18;17,15,-15,-64
1,0,0,0;2,79,48,31;14,-66,-14,15;18,17,-16,-65
1,0,0,0;2,79,48,31;16,-62,-17,14;18,16,-16,-62
1,0,0,0;2,79,49,31;15,-62,-18,16;18,15,-14,-62
1,0,0,0;2,79,49,32;17,-64,-15,18;15,17,-14,-66
1,0,0,0;2,79,49,32;17,-65,-15,17;14,18,-16,-66
1,0,0,0;2,79,50,30;18,-66,-16,15;15,16,-15,-66
1,0,0,0;2,79,50,32;18,-62,-17,16;18,17,-14,-65
1,0,0,0;2,80,46,31;15,-62,-18,15;16,15,-14,-64
1,0,0,0;2,80,46,32;17,-63,-14,14;16,15,-16,-65
1,0,0,0;2,80,46,34;15,-64,-14,15;18,14,-14,-64
1,0,0,0;2,80,48,32;16,-62,-14,17;17,16,-18,-66
1,0,0,0;2,80,48,33;16,-62,-15,15;18,15,-16,-63
1,0,0,0;2,80,49,30;14,-64,-14,16;15,17,-17,-66
1,0,0,0;2,80,50,30;17,-65,-14,17;17,15,-18,-64
1,0,0,0;2,80,50,32;16,-62,-14,16;14,17,-15,-64
1,0,0,0;2,81,46,31;16,-62,-18,17;15,14,-16,-66
1,0,0,0;2,81,46,31;18,-66,-17,18;17,15,-18,-63
1,0,0,0;2,81,46,33;17,-66,-18,17;16,15,-18,-66
1,0,0,0;2,81,46,33;18,-66,-15,16;16,16,-17,-65
1,0,0,0;2,81,47,31;16,-63,-14,15;15,15,-16,-65
1,0,0,0;2,81,48,30;17,-64,-14,14;14,15,-18,-62
1,0,0,0;2,81,48,34;15,-62,-15,17;16,14,-17,-65
1,0,0,0;2,81,49,30;15,-62,-15,18;17,16,-18,-62
1,0,0,0;2,81,49,31;18,-66,-15,14;17,18,-18,-65
1,0,0,0;2,81,49,34;16,-64,-17,18;17,14,-15,-63
1,0,0,0;2,81,50,30;15,-63,-14,15;17,15,-18,-62
1,0,0,0;2,81,50,33;14,-62,-17,17;17,18,-18,-65
1,0,0,0;2,81,50,33;16,-62,-15,18;17,16,-16,-63
1,0,0,0;2,81,50,34;16,-63,-17,14;18,18,-16,-64
1,0,0,0;2,82,46,30;16,-62,-16,15;17,14,-15,-64
1,0,0,0;2,82,47,32;14,-65,-15,18;16,17,-18,-62
1,0,0,0;2,82,47,33;18,-65,-17,15;16,16,-16,-64
1,0,0,0;2,82,48,30;15,-62,-18,18;14,18,-18,-63
1,0,0,0;2,82,48,30;16,-65,-16,17;17,15,-15,-64
1,0,0,0;2,82,48,31;17,-66,-14,16;16,16,-14,-63
1,0,0,0;2,82,48,31;17,-66,-17,16;17,17,-15,-64
1,0,0,0;2,82,49,30;18,-64,-18,18;18,17,-17,-63
1,0,0,0;2,82,49,32;17,-62,-14,17;18,16,-14,-62
1,0,0,0;2,82,49,33;15,-63,-15,15;18,18,-18,-64
1,0,0,0;2,82,49,34;14,-62,-15,15;18,18,-14,-65
1,0,0,0;2,82,50,32;15,-65,-18,17;17,14,-16,-66
1,0,0,0;2,82,50,32;16,-63,-15,17;16,17,-18,-65
1,0,0,0;2,82,50,34;17,-63,-16,14;18,17,-18,-65
1,0,0,0;20,-55,59,44;38,-34,42,10;22,-16,49,-56
1,0,0,0;22,29,-44,-7;13,47,-15,-51;-13,33,24,33
1,0,0,0;22,5,13,-53;-32,-55,54,58;31,-45,5,-4
1,0,0,0;22,8,-40,-22;-19,-53,-11,20;-56,9,-1,44
1,0,0,0;23,-13,-59,-5;-32,35,44,8;-51,-52,-4,13
1,0,0,0;23,-13,21,-15;-43,-31,1,-50;44,13,-58,45
1,0,0,0;23,-17,53,-10;19,-43,-9,32;-2,-15,-26,58
1,0,0,0;23,-20,-36,-40;3,-32,-31,-22;5,-29,53,46
1,0,0,0;23,-6,-22,-58;-47,-60,-56,-38;32,-28,-57,-16
1,0,0,0;23,6,-50,12;48,28,48,-26;45,0,52,-2
1,0,0,0;23,8,-8,-14;-3,-27,28,-49;12,-24,-52,-33
1,0,0,0;24,-39,-14,-50;-39,42,-46,-19;11,-17,-52,54
1,0,0,0;24,22,47,-56;30,39,-37,-34;-55,-30,50,30
1,0,0,0;25,-60,7,-7;37,18,42,38;47,-38,-54,34
1,0,0,0;25,18,46,-34;49,41,-6,-23;20,-39,-55,-56
1,0,0,0;25,35,-25,39;-45,12,29,44;-24,-6,5,54
1,0,0,0;25,49,-11,27;-37,57,-53,27;6,-19,48,26
1,0,0,0;25,5,55,-36;55,44,-45,-56;-54,49,1,56
1,0,0,0;26,-9,-46,-56;46,-15,-45,24;58,-34,23,60
1,0,0,0;26,18,5,-3;-28,-52,-53,23;5,-32,-4,-7
1,0,0,0;26,32,26,35;-23,42,-33,8;47,-40,-42,39
1,0,0,0;26,9,2,-58;0,-38,47,-7;45,30,-46,55
1,0,0,0;27,-37,-56,-40;48,11,32,49;58,20,-16,-40
1,0,0,0;27,-43,-32,19;-48,28,-16,-19;4,-4,43,38
1,0,0,0;28,-29,-45,-41;-8,29,31,-50;26,58,-33,-13
1,0,0,0;28,-46,-55,-40;-1,-56,24,-14;35,36,17,-6
1,0,0,0;28,48,43,8;43,-4,-20,25;0,30,35,-9
1,0,0,0;3,-1,-2,-3;-1,2,-2,-2;2,0,1,2
1,0,0,0;3,-1,-2,-3;1,-2,-2,4;-2,3,-1,3
1,0,0,0;3,-1,-3,0;2,-3,-1,-3;1,0,3,3
1,0,0,0;3,-1,-3,2;-4,-1,-2,5;-3,4,-4,3
1,0,0,0;3,-1,0,0;-1,3,-1,0;-1,1,-2,1
1,0,0,0;3,-1,0,0;2,3,0,0;5,-5,0,0
1,0,0,0;3,-1,0,0;3,0,0,-4;1,-3,0,0
1,0,0,0;3,-1,0,1;3,-3,2,0;0,2,-1,-2
1,0,0,0;3,-1,1,-2;-1,-3,-2,-3;-3,0,2,-3
1,0,0,0;3,-1,1,2;-2,-3,1,1;1,0,0,3
1,0,0,0;3,-11,51,9;27,56,24,-46;-12,-24,-5,56
1,0,0,0;3,-2,-1,2;-3,-2,-2,2;1,0,1,-1
1,0,0,0;3,-2,-1,4;-3,-4,-1,-2;5,3,5,1
1,0,0,0;3,-2,-2,-3;-3,1,-2,2;3,0,-3,1
1,0,0,0;3,-2,-2,3;-3,2,2,0;1,1,-2,1
1,0,0,0;3,-2,-2,5;2,5,1,2;-4,0,-2,-5
1,0,0,0;3,-2,-3,0;2,0,3,0;3,-1,0,3
1,0,0,0;3,-2,-3,1;3,3,2,-3;2,3,-1,-3
1,0,0,0;3,-2,-5,3;2,-4,1,1;3,0,-5,-1
1,0,0,0;3,-2,1,-2;0,0,-1,-2;-1,1,-1,3
1,0,0,0;3,-2,1,2;1,-1,2,-2;1,0,1,-2
1,0,0,0;3,-2,2,3;-2,1,3,0;-3,1,-1,3
1,0,0,0;3,-2,2,5;-2,-4,-4,4;3,4,4,5
1,0,0,0;3,-2,3,1;-3,-2,-1,0;0,3,-2,1
1,0,0,0;3,-2,3,4;5,3,-4,-2;1,2,-4,4
1,0,0,0;3,-2,5,5;4,-3,1,4;-1,4,0,2
1,0,0,0;3,-29,-34,-51;27,-41,-29,55;-36,18,18,29
1,0,0,0;3,-3,-1,2;5,3,-3,2;0,2,-5,4
1,0,0,0;3,-3,-2,-2;-1,-1,-2,0;2,2,3,-3
1,0,0,0;3,-3,0,0;6,0,-2,0;5,4,0,0
1,0,0,0;3,-3,1,1;3,-3,0,-1;-1,-2,2,3
1,0,0,0;3,-3,1,2;2,-1,0,3;2,-3,1,1
1,0,0,0;3,-3,2,-1;-1,2,3,3;2,1,1,1
1,0,0,0;3,-4,0,5;-3,-2,3,-5;1,3,-5,1
1,0,0,0;3,-5,-1,3;-4,3,3,1;-4,-1,-1,1
1,0,0,0;3,-5,-4,-3;3,4,5,2;5,-2,-3,2
1,0,0,0;3,-5,-5,1;-2,4,-1,-2;1,4,4,-4
1,0,0,0;3,-6,0,0;2,4,0,0;5,0,5,0
1,0,0,0;3,0,-1,-2;1,0,0,3;0,0,1,-3
1,0,0,0;3,0,-1,0;1,0,0,4;5,0,-5,0
1,0,0,0;3,0,-1,0;6,0,-3,0;3,0,0,1
1,0,0,0;3,0,-1,3;2,-2,-1,0;-2,-1,0,2
1,0,0,0;3,0,-2,0;2,0,0,0;6,0,0,0
1,0,0,0;3,0,-2,0;6,0,-5,0;6,0,0,5
1,0,0,0;3,0,-3,0;2,0,0,0;5,0,0,1
1,0,0,0;3,0,-3,2;2,-1,4,-2;-3,0,2,5
1,0,0,0;3,0,-4,0;2,0,0,1;3,0,0,3
1,0,0,0;3,0,-4,0;3,0,3,0;5,0,-5,0
1,0,0,0;3,0,-5,0;1,-3,0,0;5,0,6,0
1,0,0,0;3,0,-6,0;1,1,0,0;3,3,0,0
1,0,0,0;3,0,0,-1;5,3,0,0;2,0,-2,0
1,0,0,0;3,0,0,-1;6,0,-5,0;5,-4,0,0
1,0,0,0;3,0,0,-2;6,0,-3,0;4,1,0,0
1,0,0,0;3,0,0,-2;6,2,0,0;6,0,0,-1
1,0,0,0;3,0,0,-3;1,4,0,0;1,0,0,0
1,0,0,0;3,0,0,-3;5,0,0,-5;6,-6,0,0
1,0,0,0;3,0,0,-5;3,0,0,0;5,0,6,0
1,0,0,0;3,0,0,-5;5,0,-3,0;1,3,0,0
1,0,0,0;3,0,0,-5;6,-1,0,0;2,0,-1,0
1,0,0,0;3,0,0,0;1,0,-1,0;4,0,0,-1
1,0,0,0;3,0,0,0;1,3,0,0;2,0,2,0
1,0,0,0;3,0,0,0;2,-3,0,0;4,0,0,-3
1,0,0,0;3,0,0,0;2,0,0,4;5,0,-2,0
1,0,0,0;3,0,0,0;2,0,1,-3;3,0,-1,0
1,0,0,0;3,0,0,0;4,1,0,0;6,0,1,0
1,0,0,0;3,0,0,0;6,0,-6,0;4,0,5,0
1,0,0,0;3,0,0,0;6,0,0,-1;5,0,4,0
1,0,0,0;3,0,0,1;2,3,3,3;1,1,0,-1
1,0,0,0;3,0,0,1;3,0,0,0;4,0,0,-3
1,0,0,0;3,0,0,3;1,0,0,0;2,0,0,-4
1,0,0,0;3,0,0,4;3,0,3,0;5,0,0,4
1,0,0,0;3,0,0,4;4,1,0,0;1,-1,0,0
1,0,0,0;3,0,0,6;2,6,0,0;5,0,2,0
1,0,0,0;3,0,0,6;3,0,0,-6;1,0,2,0
1,0,0,0;3,0,1,-3;3,2,-2,-2;2,-2,-3,1
1,0,0,0;3,0,1,0;6,0,0,-2;6,0,6,0
1,0,0,0;3,0,1,0;6,0,0,1;1,0,-6,0
1,0,0,0;3,0,1,4;-1,-2,-4,0;3,4,3,2
1,0,0,0;3,0,2,-1;2,-2,2,-2;2,2,1,-2
1,0,0,0;3,0,2,0;2,0,0,-6;6,0,0,0
1,0,0,0;3,0,2,0;3,0,-1,0;5,0,-1,0
1,0,0,0;3,0,2,0;5,0,-1,0;6,1,0,0
1,0,0,0;3,0,2,1;-2,2,-2,1;3,-2,1,-3
1,0,0,0;3,0,3,-3;-5,-3,-3,3;-4,-1,-5,4
1,0,0,0;3,0,3,0;1,6,0,0;2,0,6,0
1,0,0,0;3,0,3,0;3,0,0,6;5,3,0,0
1,0,0,0;3,0,3,0;5,-4,0,0;2,6,0,0
1,0,0,0;3,0,4,5;4,2,4,3;2,-2,-3,-5
1,0,0,0;3,0,5,0;1,0,0,-2;2,4,0,0
1,0,0,0;3,0,6,0;2,0,-5,0;5,0,0,-4
1,0,0,0;3,0,6,0;2,0,0,0;2,0,0,3
1,0,0,0;3,0,6,0;4,0,0,-1;5,0,0,0
1,0,0,0;3,1,-1,3;0,-2,0,-1;-3,0,-3,1
1,0,0,0;3,1,-2,-1;-3,0,5,5;5,1,5,4
1,0,0,0;3,1,-2,-4;1,2,2,5;3,2,-1,-1
1,0,0,0;3,1,-2,3;3,1,-1,3;0,-3,-3,3
1,0,0,0;3,1,-3,-3;2,-2,-1,-5;0,-1,-5,0
1,0,0,0;3,1,-3,5;0,-1,-4,1;0,-4,-1,-4
1,0,0,0;3,1,0,-1;3,-1,-1,-2;0,3,-1,-3
1,0,0,0;3,1,1,0;-3,-1,3,0;-3,-2,-1,2
1,0,0,0;3,1,1,1;3,-2,-3,3;2,-3,3,0
1,0,0,0;3,1,3,-2;0,-2,1,-3;-3,3,3,-3
1,0,0,0;3,1,4,0;3,-4,4,-5;-1,1,4,2
1,0,0,0;3,2,-1,-3;0,3,-2,1;1,-2,-1,-1
1,0,0,0;3,2,-2,-2;2,-3,-2,2;-2,1,-3,-3
1,0,0,0;3,2,-3,-5;0,-1,-1,-1;1,0,-5,4
1,0,0,0;3,2,0,0;5,-6,0,0;5,0,0,5
1,0,0,0;3,2,1,-3;2,0,3,2;3,2,-1,0
1,0,0,0;3,2,1,-5;-2,3,-3,1;5,5,-3,-2
1,0,0,0;3,2,1,5;4,4,0,-4;-5,-4,-2,-5
1,0,0,0;3,2,2,-3;3,-3,1,-1;-1,-3,1,-1
1,0,0,0;3,2,2,1;1,-3,2,-1;-1,-2,-3,-2
1,0,0,0;3,2,3,1;-3,-2,0,-2;-3,-3,0,2
1,0,0,0;3,3,-1,2;-3,3,2,1;-2,4,-1,-3
1,0,0,0;3,3,-1,2;2,3,0,3;-1,0,0,3
1,0,0,0;3,3,-1,3;3,0,-3,-3;2,0,-2,-1
1,0,0,0;3,3,-2,2;1,1,2,3;3,-3,-1,-3
1,0,0,0;3,3,-3,-3;1,4,-5,3;-2,1,-2,-5
1,0,0,0;3,3,-5,-3;-5,-1,-1,-4;-5,5,4,-5
1,0,0,0;3,3,-5,4;5,0,2,5;1,3,4,-5
1,0,0,0;3,3,0,0;2,0,0,1;2,0,0,-2
1,0,0,0;3,3,0,0;4,0,0,-6;2,0,0,0
1,0,0,0;3,3,1,-2;-2,2,3,3;3,0,1,3
1,0,0,0;3,3,2,3;-3,3,3,-1;-1,-1,1,-1
1,0,0,0;3,4,-2,-4;4,-1,-3,1;-5,3,-2,-1
1,0,0,0;3,4,-4,-1;3,5,1,0;-1,1,0,4
1,0,0,0;3,4,-5,-1;2,5,2,0;3,-2,1,5
1,0,0,0;3,4,0,0;3,0,0,3;5,0,2,0
1,0,0,0;3,4,0,0;3,0,1,0;3,0,6,0
1,0,0,0;3,4,0,0;4,-1,0,0;4,-1,0,0
1,0,0,0;3,4,4,-3;-2,5,4,5;-4,3,0,-3
1,0,0,0;3,4,4,5;-5,0,4,0;3,-3,2,5
1,0,0,0;3,5,-2,-3;1,-2,3,4;5,3,5,5
1,0,0,0;3,5,-4,1;-4,-2,-2,-2;-4,-5,-5,5
1,0,0,0;3,5,0,0;2,6,0,0;1,3,0,0
1,0,0,0;3,5,0,0;6,0,-2,0;6,0,-4,0
1,0,0,0;3,56,-22,11;-19,-57,-28,-17;-58,-48,-9,40
1,0,0,0;30,-19,-18,13;44,19,-45,18;28,24,50,-51
1,0,0,0;30,19,-49,0;53,-8,8,-51;-3,2,-15,-11
1,0,0,0;31,-47,49,-35;13,-24,-2,7;-21,47,60,33
1,0,0,0;31,-51,48,-43;57,-29,52,56;-25,56,30,-25
1,0,0,0;31,-7,-6,-26;8,51,57,39;10,47,-41,17
1,0,0,0;32,24,1,-3;-49,49,-34,30;23,-26,0,-3
1,0,0,0;32,45,14,17;-28,-9,18,-14;-1,35,-24,-28
1,0,0,0;33,-16,17,10;45,-44,-47,-10;26,-23,26,-47
1,0,0,0;33,-3,-40,-38;-29,44,45,-10;20,-52,-46,43
1,0,0,0;33,-37,31,51;-8,27,51,33;-41,-41,-36,-15
1,0,0,0;34,57,60,-24;6,-57,-18,28;-6,-40,42,-52
1,0,0,0;34,6,57,0;20,36,34,-21;-20,-47,47,-57
1,0,0,0;35,-13,15,26;8,-4,44,-53;34,-55,35,-42
1,0,0,0;35,-37,43,-58;32,-10,12,15;16,-17,-43,50
1,0,0,0;35,20,13,-31;-33,-44,-12,52;21,-34,-11,5
1,0,0,0;35,8,-42,48;29,-38,-31,12;-43,-34,-42,-41
1,0,0,0;36,-45,56,47;-43,-20,-18,-56;-55,-40,-22,39
1,0,0,0;36,29,-5,-19;-14,27,28,-48;16,-36,25,-58
1,0,0,0;36,36,2,50;-58,29,60,-55;-52,-13,-57,-29
1,0,0,0;36,36,21,-15;56,-16,37,12;-20,-59,17,55
1,0,0,0;36,41,-57,-47;15,12,-1,59;-1,29,47,-5
1,0,0,0;37,-49,50,-29;-16,7,41,-16;31,-40,33,-52
1,0,0,0;38,-26,29,34;-45,14,-44,20;-38,-15,-7,25
1,0,0,0;39,-13,57,-55;31,-4,-12,-14;-55,31,36,-23
1,0,0,0;4,-1,-2,-3;-4,-2,1,-2;-3,-3,-4,2
1,0,0,0;4,-1,-2,2;-4,-3,-2,1;-2,-2,5,-5
1,0,0,0;4,-1,0,0;1,0,0,-6;4,0,5,0
1,0,0,0;4,-1,1,-4;5,4,4,3;2,4,1,3
1,0,0,0;4,-2,2,-2;-5,3,-2,-4;4,-5,1,1
1,0,0,0;4,-2,4,2;-5,-5,-4,-4;0,-3,0,0
1,0,0,0;4,-3,-1,-2;-2,2,-3,-4;5,-4,2,3
1,0,0,0;4,-3,-1,3;1,5,2,-2;1,3,2,0
1,0,0,0;4,-3,-2,-1;-2,4,1,-4;0,3,-3,0
1,0,0,0;4,-3,-3,-5;-5,-4,-4,4;-3,0,-3,-5
1,0,0,0;4,-3,0,0;2,3,0,0;4,0,0,-4
1,0,0,0;4,-3,1,-1;4,-4,-2,4;-4,-4,2,4
1,0,0,0;4,-3,5,-1;2,0,-5,-4;3,2,2,-5
1,0,0,0;4,-34,44,47;16,20,-46,21;1,16,51,-10
1,0,0,0;4,-4,-5,-4;2,-1,5,3;3,-4,5,5
1,0,0,0;4,-4,0,0;6,0,-4,0;3,4,0,0
1,0,0,0;4,-4,0,0;6,0,0,0;4,0,0,2
1,0,0,0;4,-4,0,0;6,1,0,0;3,1,0,0
1,0,0,0;4,-5,1,-3;-3,2,1,-1;-3,2,3,0
1,0,0,0;4,-5,4,-1;2,5,-3,-3;-4,4,-3,5
1,0,0,0;4,-6,0,0;5,0,0,-1;5,0,2,0
1,0,0,0;4,-6,0,0;6,4,0,0;6,0,0,3
1,0,0,0;4,0,-1,0;6,0,5,0;4,-3,0,0
1,0,0,0;4,0,-2,0;1,0,0,-2;3,0,1,0
1,0,0,0;4,0,-2,0;2,0,0,1;6,0,-5,0
1,0,0,0;4,0,-2,0;4,0,-6,0;4,0,0,-6
1,0,0,0;4,0,-2,0;6,0,0,-4;3,0,6,0
1,0,0,0;4,0,-5,0;2,0,0,-1;2,0,0,5
1,0,0,0;4,0,-5,0;3,4,0,0;1,0,-1,0
1,0,0,0;4,0,-5,0;4,0,4,0;6,0,-6,0
1,0,0,0;4,0,0,-2;2,0,0,-4;2,6,0,0
1,0,0,0;4,0,0,-2;6,-6,0,0;3,4,0,0
1,0,0,0;4,0,0,-3;5,-3,0,0;3,6,0,0
1,0,0,0;4,0,0,-4;1,-1,0,0;6,0,0,-1
1,0,0,0;4,0,0,-4;2,0,0,-3;4,-3,0,0
1,0,0,0;4,0,0,-5;5,-4,0,0;2,0,-3,0
1,0,0,0;4,0,0,-6;6,0,0,-6;3,0,0,2
1,0,0,0;4,0,0,0;1,0,-2,0;3,-6,0,0
1,0,0,0;4,0,0,0;2,0,0,3;4,0,0,0
1,0,0,0;4,0,0,0;2,0,0,5;5,4,0,0
1,0,0,0;4,0,0,0;4,0,0,-6;4,-2,0,0
1,0,0,0;4,0,0,0;5,0,-2,0;1,0,2,0
1,0,0,0;4,0,0,0;5,0,-3,0;3,4,0,0
1,0,0,0;4,0,0,2;1,0,-1,0;4,4,0,0
1,0,0,0;4,0,0,2;1,0,0,6;5,0,0,0
1,0,0,0;4,0,0,2;6,6,0,0;5,0,-1,0
1,0,0,0;4,0,0,3;5,0,0,-6;5,-2,0,0
1,0,0,0;4,0,1,0;2,0,-4,0;6,0,0,2
1,0,0,0;4,0,1,0;5,0,4,0;6,-1,0,0
1,0,0,0;4,0,1,0;6,-1,0,0;1,0,0,4
1,0,0,0;4,0,2,0;2,0,0,0;2,-1,0,0
1,0,0,0;4,0,2,0;3,0,0,2;1,0,0,2
1,0,0,0;4,0,2,0;4,0,5,0;6,0,0,6
1,0,0,0;4,0,2,0;5,0,0,0;2,0,0,1
1,0,0,0;4,0,5,0;4,0,4,0;0,-1,-1,-1
1,0,0,0;4,0,6,0;1,-2,0,0;5,0,3,0
1,0,0,0;4,0,6,0;5,0,0,6;3,0,0,0
1,0,0,0;4,1,0,0;1,-2,0,0;2,0,0,-4
1,0,0,0;4,1,0,0;2,-4,0,0;6,-3,0,0
1,0,0,0;4,1,0,0;6,1,0,0;4,-4,0,0
1,0,0,0;4,2,-2,-3;3,5,-3,-4;-4,3,3,-4
1,0,0,0;4,2,0,0;3,0,0,-2;2,0,-1,0
1,0,0,0;4,2,3,3;-2,3,-2,5;-3,1,3,-1
1,0,0,0;4,3,-2,0;0,-5,-2,-3;1,-3,5,-1
1,0,0,0;4,3,-3,-5;0,5,-4,3;-3,3,5,5
1,0,0,0;4,3,-4,-4;5,5,3,1;1,-4,-1,-1
1,0,0,0;4,3,0,0;1,5,0,0;4,0,0,-6
1,0,0,0;4,3,0,0;6,0,2,0;6,0,0,0
1,0,0,0;4,3,4,-2;3,1,-2,4;-3,3,2,1
1,0,0,0;4,4,-2,-1;-5,0,2,0;0,-3,-2,-1
1,0,0,0;4,4,0,0;5,0,0,-3;4,-6,0,0
1,0,0,0;4,4,4,1;2,-2,3,5;1,-5,4,4
1,0,0,0;4,5,-1,1;0,-5,-5,-1;4,-2,-4,-2
1,0,0,0;4,5,0,0;3,1,1,0;5,-1,5,-4
1,0,0,0;4,5,3,-2;-1,5,3,1;-1,3,2,3
1,0,0,0;4,6,0,0;2,6,0,0;1,0,0,4
1,0,0,0;4,6,0,0;6,6,0,0;1,0,-6,0
1,0,0,0;40,-12,35,-35;-33,-26,12,-37;-29,43,-12,42
1,0,0,0;40,-18,-59,51;52,18,-10,22;15,-47,26,47
1,0,0,0;40,-26,35,-33;-8,53,-57,-20;37,-2,-27,43
1,0,0,0;40,-40,16,-10;-1,-56,-56,-55;5,14,-48,-8
1,0,0,0;40,-5,44,51;56,-5,-6,36;-14,59,17,32
1,0,0,0;40,-52,35,19;4,-47,48,26;46,26,45,-45
1,0,0,0;40,46,-22,43;-52,32,11,-2;-48,35,10,-46
1,0,0,0;42,-20,30,11;32,-41,-21,56;-27,-19,10,47
1,0,0,0;42,-5,49,9;-28,-21,-35,-44;-54,-34,8,23
1,0,0,0;42,41,-19,13;39,-31,31,-31;49,3,2,-21
1,0,0,0;42,49,-22,-35;-16,55,10,41;-60,34,-12,56
1,0,0,0;43,7,-33,-31;6,30,-31,45;14,49,51,46
1,0,0,0;44,10,-19,-45;55,38,-14,40;-37,35,-6,57
1,0,0,0;45,-10,9,31;13,-12,4,-38;15,-15,9,37
1,0,0,0;45,-29,55,-58;12,16,-28,-35;7,-30,-27,-8
1,0,0,0;45,58,51,51;7,34,16,52;27,-18,-32,17
1,0,0,0;46,-33,-54,59;-21,24,26,-42;-44,-52,31,-40
1,0,0,0;46,2,50,-51;42,21,-7,26;-10,-33,-28,39
1,0,0,0;46,25,-59,56;22,-31,-5,19;-24,-57,31,26
1,0,0,0;47,-51,-54,50;-58,-38,-57,12;25,47,-23,45
1,0,0,0;48,-22,-53,26;-54,8,53,8;24,29,-25,21
1,0,0,0;48,-28,31,-5;-57,51,60,59;30,38,46,58
1,0,0,0;48,0,19,-27;-58,51,-2,54;-38,-44,51,-3
1,0,0,0;5,-1,-3,0;4,-3,1,1;-4,-4,5,5
1,0,0,0;5,-1,0,0;2,1,0,0;5,0,0,-2
1,0,0,0;5,-1,0,0;5,-4,0,0;3,0,4,0
1,0,0,0;5,-1,1,4;5,2,0,3;3,0,4,-5
1,0,0,0;5,-1,5,-5;5,-2,5,-5;1,5,-5,4
1,0,0,0;5,-2,-1,0;-4,5,-2,5;-3,4,-2,-4
1,0,0,0;5,-2,-1,4;2,-3,4,-3;4,-5,0,3
1,0,0,0;5,-2,0,4;2,2,0,-4;-3,-3,-1,-2
1,0,0,0;5,-2,1,2;1,3,-4,4;2,-1,-3,-3
1,0,0,0;5,-3,-2,3;-2,-3,1,1;-4,3,5,0
1,0,0,0;5,-3,0,0;3,0,0,-5;3,3,0,0
1,0,0,0;5,-3,0,0;5,0,-4,0;4,0,-4,0
1,0,0,0;5,-3,4,-2;-1,-5,4,-5;2,-2,-3,2
1,0,0,0;5,-4,-4,-4;0,-4,-4,5;-1,4,-3,-5
1,0,0,0;5,-4,0,0;5,0,-4,0;5,0,0,-5
1,0,0,0;5,-4,1,-3;-2,-2,-3,0;2,0,-4,-5
1,0,0,0;5,-4,2,1;2,3,2,3;2,0,4,-5
1,0,0,0;5,-4,5,0;5,1,4,-2;0,-2,5,1
1,0,0,0;5,-5,-1,3;-5,-3,1,-5;2,-5,-2,-2
1,0,0,0;5,-5,-5,2;3,-2,-1,2;-1,-5,0,-4
1,0,0,0;5,-5,0,0;3,0,0,-1;5,0,-4,0
1,0,0,0;5,-5,0,0;4,0,0,-3;6,4,0,0
1,0,0,0;5,-5,0,0;4,0,0,1;5,0,-3,0
1,0,0,0;5,-5,0,0;6,0,0,-6;1,-2,0,0
1,0,0,0;5,-5,1,-4;3,-4,5,2;-5,3,-2,-5
1,0,0,0;5,-5,4,1;1,1,0,-1;0,2,-2,5
1,0,0,0;5,-5,5,4;-5,3,-2,-5;3,2,0,-1
1,0,0,0;5,-6,0,0;1,0,1,0;4,5,0,0
1,0,0,0;5,-6,0,0;4,0,0,-3;2,0,-1,0
1,0,0,0;5,-6,0,0;5,0,-1,0;3,0,0,-5
1,0,0,0;5,-6,0,0;5,0,0,5;6,0,0,2
1,0,0,0;5,-6,0,0;5,0,2,0;2,3,0,0
1,0,0,0;5,0,-1,-2;4,2,-3,-2;-4,-2,-5,-1
1,0,0,0;5,0,-1,0;4,0,0,5;5,-5,0,0
1,0,0,0;5,0,-1,3;-1,5,-5,-1;-4,2,3,5
1,0,0,0;5,0,-2,0;2,-2,0,0;4,0,0,2
1,0,0,0;5,0,-3,0;1,0,-5,0;4,5,0,0
1,0,0,0;5,0,-4,-4;4,2,-5,0;5,5,-2,-3
1,0,0,0;5,0,-4,-5;-3,-3,4,-4;-3,4,-1,-3
1,0,0,0;5,0,-6,0;3,0,1,0;6,0,0,-2
1,0,0,0;5,0,0,-1;3,0,0,0;3,-2,0,0
1,0,0,0;5,0,0,-1;6,-3,0,0;5,0,0,-3
1,0,0,0;5,0,0,-3;1,0,1,0;5,0,4,0
1,0,0,0;5,0,0,-3;1,0,3,0;1,0,0,0
1,0,0,0;5,0,0,-4;4,-2,0,0;1,4,0,0
1,0,0,0;5,0,0,-4;4,0,-3,0;2,0,0,-3
1,0,0,0;5,0,0,-5;1,1,0,0;6,-2,0,0
1,0,0,0;5,0,0,-5;4,0,-6,0;3,0,0,-6
1,0,0,0;5,0,0,-6;1,0,-1,0;4,0,0,-5
1,0,0,0;5,0,0,0;2,0,0,6;5,0,0,0
1,0,0,0;5,0,0,0;4,0,0,2;2,0,0,-2
1,0,0,0;5,0,0,0;4,6,0,0;4,0,3,0
1,0,0,0;5,0,0,0;6,0,0,-3;5,0,0,0
1,0,0,0;5,0,0,0;6,0,0,4;6,-1,0,0
1,0,0,0;5,0,0,0;6,0,5,0;4,0,0,6
1,0,0,0;5,0,0,1;4,0,-5,0;1,0,2,0
1,0,0,0;5,0,0,1;5,1,0,0;3,0,0,0
1,0,0,0;5,0,0,2;4,0,-3,0;4,0,0,5
1,0,0,0;5,0,0,2;4,2,0,0;6,0,6,0
1,0,0,0;5,0,0,3;6,0,0,0;6,5,0,0
1,0,0,0;5,0,0,5;2,-1,0,0;6,0,3,0
1,0,0,0;5,0,0,5;4,0,0,-2;2,0,-2,0
1,0,0,0;5,0,0,6;5,0,3,0;5,0,0,2
1,0,0,0;5,0,0,6;6,2,0,0;3,0,0,-3
1,0,0,0;5,0,1,-3;-1,-4,3,-5;5,0,2,3
1,0,0,0;5,0,1,0;2,-1,0,0;3,0,3,0
1,0,0,0;5,0,2,0;1,-3,0,0;6,-2,0,0
1,0,0,0;5,0,2,0;3,0,0,-2;3,0,0,2
1,0,0,0;5,0,2,0;3,0,0,-2;6,0,0,3
1,0,0,0;5,0,4,0;5,0,0,6;5,0,1,0
1,0,0,0;5,0,5,0;2,0,4,0;1,1,0,0
1,0,0,0;5,0,6,0;1,0,0,-5;2,0,0,-2
1,0,0,0;5,0,6,0;3,-2,0,0;2,0,3,0
1,0,0,0;5,0,6,0;6,-5,0,0;3,0,0,1
1,0,0,0;5,2,0,0;1,0,5,0;4,4,0,0
1,0,0,0;5,2,4,-3;-4,-1,4,-5;-3,0,1,0
1,0,0,0;5,3,-1,-1;-3,5,-1,2;2,1,4,-4
1,0,0,0;5,3,-5,5;-1,4,-2,-5;1,1,-1,2
1,0,0,0;5,3,0,0;1,3,0,0;1,0,0,-5
1,0,0,0;5,32,-50,53;-55,-28,40,-36;19,14,46,-45
1,0,0,0;5,4,-4,3;1,-2,2,-3;-1,-1,3,-2
1,0,0,0;5,4,0,0;2,0,0,-2;1,0,0,0
1,0,0,0;5,5,0,0;3,0,-6,0;6,0,-6,0
1,0,0,0;5,6,0,0;2,6,0,0;6,0,5,0
1,0,0,0;5,6,0,0;5,0,0,-6;6,6,0,0
1,0,0,0;50,-21,-55,-26;-17,47,-60,46;28,26,18,3
1,0,0,0;50,-24,-46,43;-22,-51,-57,33;35,-10,-33,12
1,0,0,0;50,-39,-12,20;60,1,12,-37;-56,4,-35,27
1,0,0,0;51,-4,9,-28;26,-42,34,28;-1,-46,-1,46
1,0,0,0;51,31,52,9;50,29,15,-47;-3,-35,-30,28
1,0,0,0;52,-28,-11,-18;43,56,3,23;52,-33,45,20
1,0,0,0;52,14,34,-52;-13,9,21,-52;-33,33,60,43
1,0,0,0;52,3,-2,-40;-48,57,50,-56;-42,42,-13,-25
1,0,0,0;52,40,31,41;-25,-51,40,44;14,-60,32,27
1,0,0,0;54,-36,-17,48;45,32,-32,29;-60,31,41,-21
1,0,0,0;54,36,-60,-45;-4,-23,-30,27;34,52,-12,-25
1,0,0,0;54,38,-27,52;-16,-25,-22,-18;45,26,19,41
1,0,0,0;54,47,29,2;-48,1,-4,-40;47,59,17,25
1,0,0,0;54,53,-11,-55;-49,14,-34,59;-20,-54,6,35
1,0,0,0;55,34,0,-36;19,14,-26,-28;21,-34,-22,-25
1,0,0,0;56,-17,12,51;50,7,-25,-3;10,-55,58,-38
1,0,0,0;56,-49,-35,2;-25,50,-22,16;14,9,36,-49
1,0,0,0;57,15,-50,2;-48,11,-40,-24;-60,50,-53,34
1,0,0,0;57,31,-34,6;-48,-1,-48,-35;40,-49,-54,-7
1,0,0,0;57,39,-10,23;-7,-36,-40,-32;-49,18,-3,9
1,0,0,0;58,-11,25,-41;-21,-43,53,-14;29,-53,11,24
1,0,0,0;58,-57,-36,-10;42,-1,-15,-44;44,-12,8,-24
1,0,0,0;58,19,-36,49;31,14,-13,-52;25,-34,-18,50
1,0,0,0;58,29,-43,-55;-40,47,-3,-23;37,-31,51,14
1,0,0,0;6,-1,0,0;3,0,0,0;2,0,0,1
1,0,0,0;6,-1,0,0;6,0,0,-6;5,-6,0,0
1,0,0,0;6,-18,-9,58;35,-26,52,-45;-30,19,-17,44
1,0,0,0;6,-2,0,0;2,0,6,0;3,1,0,0
1,0,0,0;6,-3,0,0;1,-4,0,0;4,0,0,2
1,0,0,0;6,-3,0,0;3,0,6,0;4,0,0,3
1,0,0,0;6,-4,0,0;2,1,0,0;3,3,0,0
1,0,0,0;6,-4,0,0;4,0,0,-2;4,0,3,0
1,0,0,0;6,-4,0,0;6,0,0,2;2,0,0,0
1,0,0,0;6,-45,-16,27;-41,-13,-57,-24;54,27,43,-37
1,0,0,0;6,-5,0,0;1,2,0,0;6,0,0,3
1,0,0,0;6,-5,0,0;2,0,0,6;4,0,2,0
1,0,0,0;6,-5,0,0;4,0,0,1;6,3,0,0
1,0,0,0;6,-5,0,0;4,4,0,0;2,0,0,5
1,0,0,0;6,-6,0,0;2,-1,0,0;2,0,0,-4
1,0,0,0;6,-6,0,0;3,-3,0,0;1,0,0,4
1,0,0,0;6,-6,0,0;4,6,0,0;6,0,-3,0
1,0,0,0;6,-6,0,0;5,0,0,-3;1,3,0,0
1,0,0,0;6,0,-1,0;1,5,0,0;6,0,5,0
1,0,0,0;6,0,-2,0;1,0,-6,0;4,0,4,0
1,0,0,0;6,0,-2,0;3,-5,0,0;3,0,0,5
1,0,0,0;6,0,-2,0;3,0,0,0;6,0,-5,0
1,0,0,0;6,0,-3,0;1,0,0,5;6,0,-5,0
1,0,0,0;6,0,-4,0;2,0,0,-6;3,-1,0,0
1,0,0,0;6,0,-4,0;3,6,0,0;6,0,0,-5
1,0,0,0;6,0,-5,0;3,0,0,-1;2,0,0,-1
1,0,0,0;6,0,-5,0;4,0,0,-1;5,0,0,-6
1,0,0,0;6,0,-5,0;6,-2,0,0;2,5,0,0
1,0,0,0;6,0,-6,0;2,2,0,0;3,-5,0,0
1,0,0,0;6,0,0,-1;3,0,6,0;6,-4,0,0
1,0,0,0;6,0,0,-1;5,0,-4,0;1,-5,0,0
1,0,0,0;6,0,0,-1;5,1,0,0;2,0,-6,0
1,0,0,0;6,0,0,-1;5,1,0,0;5,5,0,0
1,0,0,0;6,0,0,-3;4,0,5,0;3,-2,0,0
1,0,0,0;6,0,0,-5;4,6,0,0;1,0,0,-5
1,0,0,0;6,0,0,-6;4,0,0,0;4,6,0,0
1,0,0,0;6,0,0,0;2,0,0,-1;6,-1,0,0
1,0,0,0;6,0,0,0;3,0,-5,0;4,0,5,0
1,0,0,0;6,0,0,0;3,0,1,0;6,-4,0,0
1,0,0,0;6,0,0,1;2,-4,0,0;6,0,0,0
1,0,0,0;6,0,0,2;1,0,0,-3;5,0,-2,0
1,0,0,0;6,0,0,2;6,-4,0,0;6,-2,0,0
1,0,0,0;6,0,0,4;1,0,0,6;1,1,0,0
1,0,0,0;6,0,0,4;1,1,0,0;4,0,0,-3
1,0,0,0;6,0,0,5;2,0,0,4;6,-5,0,0
1,0,0,0;6,0,0,5;5,0,0,4;2,-6,0,0
1,0,0,0;6,0,1,0;1,4,0,0;1,-5,0,0
1,0,0,0;6,0,1,0;2,0,0,-4;4,0,-3,0
1,0,0,0;6,0,1,0;6,-4,0,0;5,0,6,0
1,0,0,0;6,0,2,0;2,0,0,-4;6,0,4,0
1,0,0,0;6,0,3,0;3,0,-5,0;4,0,0,-3
1,0,0,0;6,0,3,0;6,-6,0,0;1,4,0,0
1,0,0,0;6,0,4,0;6,0,1,0;2,-4,0,0
1,0,0,0;6,0,5,0;2,0,0,-2;4,0,1,0
1,0,0,0;6,0,5,0;2,0,4,0;3,-2,0,0
1,0,0,0;6,0,5,0;5,0,6,0;4,0,1,0
1,0,0,0;6,1,0,0;1,0,0,3;3,-2,0,0
1,0,0,0;6,1,0,0;3,0,5,0;6,2,0,0
1,0,0,0;6,2,0,0;2,0,3,0;3,0,0,-6
1,0,0,0;6,3,0,0;2,0,0,3;2,0,0,2
1,0,0,0;6,3,0,0;3,1,0,0;2,0,0,-2
1,0,0,0;6,3,0,0;5,0,0,0;4,0,0,-1
1,0,0,0;6,3,0,0;6,0,-6,0;3,0,0,0
1,0,0,0;6,39,-2,43;14,-47,25,-18;-48,3,-56,6
1,0,0,0;6,4,0,0;1,-3,0,0;6,-2,0,0
1,0,0,0;6,5,0,0;3,-4,0,0;3,0,3,0
1,0,0,0;6,54,7,33;-26,-47,49,35;-22,-20,28,9
1,0,0,0;60,-8,19,17;-39,-48,2,-14;-36,-51,-25,24
1,0,0,0;60,0,-1,-21;59,-52,-10,12;-5,11,58,29
1,0,0,0;60,13,-50,-21;-8,-17,-55,-11;21,-27,-4,29
1,0,0,0;60,39,-14,56;-55,-46,48,30;-34,-46,-57,21
1,0,0,0;7,-25,-38,24;12,0,-5,40;11,57,13,30
1,0,0,0;7,-32,9,-19;56,25,30,-45;-21,-44,-13,35
1,0,0,0;7,38,-12,55;7,-50,-44,28;37,23,11,-7
1,0,0,0;7,7,-51,-23;2,-16,-58,36;40,3,53,59
1,0,0,0;8,47,-59,5;12,-34,54,1;-11,-32,-44,35
1,0,0,0;8,9,-45,-19;-1,-29,-40,12;8,-55,4,-28
1,0,0,0;9,-18,49,25;25,-28,-36,4;16,-28,45,-11
1,0,0,0;9,31,-6,-35;38,-26,44,-51;-56,-33,-35,-13
